{
    "min_objective_function": 44418,
    "max_objective_function": 49867,
    "avg_objective_function": 46589.745,
    "best_solution_nodes": [
        29,
        0,
        109,
        35,
        111,
        8,
        21,
        61,
        36,
        91,
        141,
        77,
        81,
        153,
        187,
        163,
        103,
        89,
        127,
        137,
        114,
        113,
        176,
        194,
        166,
        86,
        185,
        95,
        130,
        99,
        22,
        179,
        66,
        94,
        47,
        148,
        60,
        20,
        28,
        149,
        4,
        140,
        183,
        55,
        18,
        62,
        124,
        106,
        34,
        170,
        152,
        184,
        155,
        3,
        70,
        15,
        145,
        168,
        195,
        13,
        132,
        169,
        188,
        6,
        147,
        10,
        133,
        90,
        51,
        121,
        131,
        135,
        122,
        107,
        40,
        63,
        38,
        27,
        16,
        1,
        156,
        198,
        117,
        193,
        31,
        54,
        73,
        190,
        80,
        175,
        78,
        5,
        177,
        25,
        182,
        138,
        139,
        11,
        33,
        160
    ],
    "min_time": 4.54839563369751,
    "max_time": 6.211458921432495,
    "avg_time": 5.053915153741837
}