{
    "min_objective_function": 44520,
    "max_objective_function": 51156,
    "avg_objective_function": 46982.685,
    "best_solution_nodes": [
        133,
        107,
        40,
        63,
        135,
        38,
        27,
        16,
        1,
        156,
        198,
        117,
        193,
        31,
        54,
        73,
        136,
        190,
        80,
        45,
        142,
        175,
        78,
        5,
        177,
        36,
        61,
        21,
        8,
        82,
        141,
        77,
        81,
        153,
        163,
        89,
        127,
        137,
        114,
        103,
        113,
        176,
        194,
        166,
        86,
        179,
        66,
        94,
        47,
        148,
        60,
        20,
        28,
        149,
        4,
        140,
        183,
        152,
        170,
        34,
        55,
        18,
        62,
        95,
        130,
        99,
        185,
        128,
        124,
        106,
        143,
        35,
        109,
        0,
        29,
        111,
        144,
        160,
        33,
        138,
        11,
        139,
        168,
        195,
        13,
        145,
        15,
        3,
        70,
        132,
        169,
        188,
        6,
        147,
        191,
        90,
        51,
        121,
        131,
        122
    ],
    "min_time": 0.5245418548583984,
    "max_time": 0.8779151439666748,
    "avg_time": 0.6244011032581329
}