{
    "min_objective_function": 45038,
    "max_objective_function": 48893,
    "avg_objective_function": 47027.65,
    "best_solution_nodes": [
        183,
        140,
        4,
        149,
        28,
        20,
        60,
        148,
        47,
        94,
        66,
        172,
        179,
        185,
        86,
        166,
        194,
        176,
        113,
        103,
        89,
        127,
        165,
        163,
        187,
        153,
        81,
        77,
        97,
        141,
        91,
        61,
        36,
        5,
        45,
        142,
        78,
        175,
        80,
        190,
        136,
        73,
        31,
        54,
        193,
        117,
        198,
        156,
        1,
        16,
        27,
        38,
        63,
        40,
        107,
        133,
        122,
        135,
        131,
        121,
        90,
        147,
        6,
        188,
        169,
        132,
        70,
        3,
        15,
        145,
        13,
        195,
        168,
        11,
        138,
        182,
        25,
        177,
        21,
        82,
        8,
        104,
        144,
        33,
        160,
        29,
        0,
        35,
        109,
        189,
        155,
        152,
        170,
        34,
        55,
        18,
        62,
        124,
        106,
        95
    ],
    "min_time": 47.02989101409912,
    "max_time": 48.03670597076416,
    "avg_time": 47.42927876710892,
    "min_number_of_main_loop_runs": 45,
    "max_number_of_main_loop_runs": 65,
    "avg_number_of_main_loop_runs": 53.2
}