{
    "min_objective_function": 44125,
    "max_objective_function": 48772,
    "avg_objective_function": 46023.82,
    "best_solution_nodes": [
        61,
        36,
        91,
        141,
        77,
        153,
        187,
        163,
        89,
        127,
        137,
        114,
        103,
        113,
        176,
        194,
        166,
        86,
        185,
        95,
        130,
        99,
        22,
        179,
        66,
        94,
        47,
        148,
        60,
        20,
        28,
        149,
        4,
        140,
        183,
        152,
        170,
        34,
        55,
        18,
        62,
        124,
        106,
        143,
        35,
        109,
        0,
        29,
        189,
        155,
        3,
        70,
        15,
        145,
        168,
        195,
        13,
        132,
        169,
        188,
        6,
        147,
        90,
        51,
        121,
        131,
        122,
        107,
        40,
        63,
        135,
        38,
        27,
        16,
        1,
        156,
        198,
        117,
        193,
        31,
        54,
        73,
        136,
        190,
        80,
        175,
        78,
        5,
        177,
        25,
        182,
        138,
        139,
        11,
        33,
        160,
        104,
        8,
        82,
        21
    ],
    "min_time": 2.4463181495666504,
    "max_time": 3.275949001312256,
    "avg_time": 2.617740731239319
}