{
    "min_objective_function": 44203,
    "max_objective_function": 49293,
    "avg_objective_function": 46119.55,
    "best_solution_nodes": [
        111,
        82,
        21,
        8,
        104,
        144,
        35,
        109,
        0,
        29,
        160,
        33,
        138,
        11,
        139,
        168,
        195,
        13,
        145,
        15,
        3,
        70,
        132,
        169,
        188,
        6,
        147,
        51,
        90,
        122,
        133,
        107,
        40,
        63,
        135,
        131,
        121,
        1,
        16,
        38,
        27,
        156,
        198,
        117,
        193,
        31,
        54,
        73,
        136,
        190,
        80,
        175,
        78,
        142,
        45,
        5,
        177,
        36,
        61,
        91,
        141,
        77,
        153,
        187,
        165,
        127,
        89,
        163,
        103,
        113,
        176,
        194,
        166,
        86,
        185,
        95,
        130,
        99,
        22,
        179,
        66,
        94,
        47,
        148,
        60,
        20,
        28,
        149,
        4,
        140,
        183,
        152,
        170,
        34,
        55,
        18,
        62,
        124,
        106,
        143
    ],
    "min_time": 1.188528299331665,
    "max_time": 1.3956918716430664,
    "avg_time": 1.271749391555786
}