{
    "min_objective_function": 43765,
    "max_objective_function": 48091,
    "avg_objective_function": 45927.11,
    "best_solution_nodes": [
        198,
        117,
        193,
        31,
        54,
        73,
        136,
        190,
        80,
        45,
        142,
        175,
        78,
        5,
        177,
        36,
        61,
        91,
        141,
        77,
        81,
        153,
        187,
        163,
        89,
        127,
        137,
        114,
        103,
        113,
        176,
        194,
        166,
        86,
        95,
        130,
        99,
        185,
        179,
        172,
        66,
        94,
        47,
        148,
        60,
        20,
        28,
        149,
        4,
        140,
        183,
        152,
        170,
        34,
        55,
        18,
        62,
        128,
        124,
        106,
        143,
        35,
        109,
        0,
        29,
        111,
        8,
        104,
        144,
        160,
        33,
        11,
        138,
        182,
        139,
        168,
        195,
        13,
        145,
        15,
        3,
        70,
        132,
        169,
        188,
        6,
        147,
        90,
        51,
        121,
        131,
        135,
        122,
        107,
        40,
        63,
        38,
        27,
        1,
        156
    ],
    "min_time": 5.2421534061431885,
    "max_time": 7.268409490585327,
    "avg_time": 5.889596456289292
}