{
    "min_objective_function": 44778,
    "max_objective_function": 47178,
    "avg_objective_function": 45744.95,
    "best_solution_nodes": [
        142,
        5,
        177,
        36,
        61,
        91,
        141,
        21,
        82,
        77,
        81,
        153,
        163,
        89,
        127,
        137,
        114,
        103,
        113,
        176,
        194,
        166,
        86,
        128,
        124,
        106,
        143,
        34,
        55,
        18,
        62,
        95,
        130,
        99,
        185,
        179,
        66,
        94,
        47,
        148,
        60,
        20,
        28,
        149,
        4,
        140,
        183,
        152,
        184,
        155,
        189,
        109,
        35,
        0,
        29,
        111,
        8,
        104,
        144,
        160,
        33,
        11,
        138,
        182,
        139,
        168,
        195,
        13,
        145,
        15,
        3,
        70,
        132,
        169,
        188,
        6,
        147,
        51,
        90,
        122,
        107,
        40,
        63,
        135,
        38,
        27,
        16,
        1,
        156,
        198,
        117,
        193,
        31,
        54,
        73,
        136,
        190,
        80,
        175,
        78
    ],
    "min_time": 47.110331535339355,
    "max_time": 48.98841714859009,
    "avg_time": 47.8648828625679,
    "min_number_of_main_loop_runs": 23,
    "max_number_of_main_loop_runs": 37,
    "avg_number_of_main_loop_runs": 30.5
}