{
    "min_objective_function": 44435,
    "max_objective_function": 48101,
    "avg_objective_function": 45929.4,
    "best_solution_nodes": [
        107,
        40,
        63,
        135,
        122,
        90,
        51,
        121,
        131,
        38,
        27,
        16,
        1,
        156,
        198,
        117,
        193,
        31,
        54,
        73,
        136,
        190,
        80,
        175,
        78,
        5,
        177,
        21,
        61,
        36,
        91,
        141,
        77,
        81,
        153,
        187,
        163,
        89,
        127,
        137,
        114,
        103,
        113,
        176,
        194,
        166,
        86,
        185,
        95,
        130,
        99,
        22,
        179,
        66,
        94,
        47,
        148,
        60,
        20,
        28,
        149,
        4,
        140,
        183,
        55,
        18,
        62,
        124,
        106,
        143,
        111,
        8,
        104,
        144,
        160,
        33,
        138,
        11,
        29,
        0,
        109,
        35,
        34,
        170,
        152,
        184,
        155,
        3,
        70,
        15,
        145,
        168,
        195,
        13,
        132,
        169,
        188,
        6,
        147,
        133
    ],
    "min_time": 47.00673770904541,
    "max_time": 50.13172101974487,
    "avg_time": 48.70842145681381,
    "min_number_of_main_loop_runs": 15,
    "max_number_of_main_loop_runs": 16,
    "avg_number_of_main_loop_runs": 15.55
}