{
    "min_objective_function": 47292,
    "max_objective_function": 50953,
    "avg_objective_function": 49218.65,
    "best_solution_nodes": [
        77,
        91,
        61,
        36,
        21,
        82,
        8,
        111,
        35,
        109,
        0,
        29,
        160,
        11,
        139,
        33,
        138,
        182,
        25,
        177,
        5,
        142,
        78,
        175,
        45,
        80,
        190,
        136,
        54,
        73,
        31,
        193,
        117,
        198,
        156,
        1,
        16,
        38,
        63,
        135,
        122,
        131,
        121,
        90,
        133,
        107,
        40,
        10,
        147,
        6,
        168,
        195,
        13,
        188,
        169,
        132,
        145,
        15,
        3,
        70,
        155,
        184,
        152,
        183,
        140,
        4,
        149,
        28,
        20,
        60,
        148,
        47,
        94,
        66,
        179,
        22,
        99,
        130,
        95,
        185,
        86,
        128,
        18,
        34,
        55,
        62,
        124,
        143,
        153,
        163,
        176,
        194,
        166,
        113,
        103,
        89,
        127,
        165,
        187,
        141
    ],
    "min_time": 47.02475666999817,
    "max_time": 47.993243932724,
    "avg_time": 47.44949307441711,
    "min_number_of_main_loop_runs": 51,
    "max_number_of_main_loop_runs": 70,
    "avg_number_of_main_loop_runs": 57.35
}