{
    "min_objective_function": 44055,
    "max_objective_function": 48985,
    "avg_objective_function": 46048.39,
    "best_solution_nodes": [
        81,
        77,
        141,
        91,
        61,
        36,
        177,
        5,
        78,
        175,
        80,
        190,
        136,
        73,
        54,
        31,
        193,
        117,
        198,
        156,
        1,
        16,
        27,
        38,
        63,
        40,
        107,
        122,
        135,
        131,
        121,
        51,
        90,
        147,
        6,
        188,
        169,
        132,
        70,
        3,
        15,
        145,
        13,
        195,
        168,
        139,
        11,
        138,
        104,
        8,
        21,
        82,
        111,
        144,
        33,
        160,
        29,
        0,
        35,
        109,
        189,
        155,
        184,
        152,
        170,
        34,
        55,
        18,
        62,
        124,
        106,
        128,
        95,
        130,
        183,
        140,
        4,
        149,
        28,
        20,
        60,
        148,
        47,
        94,
        66,
        179,
        185,
        86,
        166,
        194,
        176,
        113,
        114,
        137,
        127,
        89,
        103,
        163,
        187,
        153
    ],
    "min_time": 5.519341230392456,
    "max_time": 9.753328561782837,
    "avg_time": 6.262586154937744
}