{
    "min_objective_function": 44690,
    "max_objective_function": 48249,
    "avg_objective_function": 46428.5,
    "best_solution_nodes": [
        6,
        188,
        169,
        132,
        70,
        3,
        15,
        145,
        13,
        195,
        168,
        139,
        11,
        138,
        33,
        160,
        144,
        104,
        8,
        21,
        82,
        111,
        29,
        0,
        35,
        109,
        189,
        155,
        152,
        170,
        34,
        55,
        18,
        62,
        124,
        106,
        128,
        86,
        185,
        130,
        95,
        183,
        140,
        4,
        149,
        28,
        20,
        60,
        148,
        47,
        94,
        66,
        99,
        22,
        179,
        166,
        194,
        176,
        113,
        103,
        163,
        89,
        127,
        165,
        187,
        153,
        81,
        77,
        141,
        91,
        61,
        36,
        177,
        5,
        78,
        175,
        80,
        190,
        136,
        73,
        54,
        31,
        193,
        117,
        198,
        156,
        27,
        38,
        1,
        121,
        131,
        122,
        135,
        63,
        40,
        107,
        133,
        90,
        51,
        147
    ],
    "min_time": 47.0580940246582,
    "max_time": 48.390862703323364,
    "avg_time": 47.605729055404666,
    "min_number_of_main_loop_runs": 36,
    "max_number_of_main_loop_runs": 59,
    "avg_number_of_main_loop_runs": 46.45
}