{
    "min_objective_function": 43872,
    "max_objective_function": 48917,
    "avg_objective_function": 46019.3,
    "best_solution_nodes": [
        143,
        106,
        124,
        62,
        18,
        55,
        34,
        152,
        183,
        140,
        4,
        149,
        28,
        20,
        60,
        148,
        47,
        94,
        66,
        179,
        99,
        130,
        95,
        185,
        86,
        166,
        194,
        176,
        113,
        114,
        137,
        127,
        89,
        103,
        163,
        187,
        153,
        81,
        77,
        141,
        91,
        61,
        36,
        177,
        5,
        78,
        175,
        142,
        45,
        80,
        190,
        136,
        73,
        54,
        31,
        193,
        117,
        198,
        156,
        1,
        16,
        27,
        38,
        63,
        40,
        107,
        122,
        135,
        131,
        121,
        51,
        90,
        147,
        6,
        188,
        169,
        132,
        13,
        70,
        3,
        15,
        145,
        195,
        168,
        139,
        182,
        138,
        11,
        33,
        160,
        29,
        109,
        35,
        0,
        144,
        104,
        8,
        21,
        82,
        111
    ],
    "min_time": 0.9062306880950928,
    "max_time": 1.1411635875701904,
    "avg_time": 1.009499534368515
}