{
    "min_objective_function": 43569,
    "max_objective_function": 49995,
    "avg_objective_function": 46011.785,
    "best_solution_nodes": [
        141,
        77,
        81,
        153,
        187,
        163,
        103,
        89,
        127,
        137,
        114,
        113,
        176,
        194,
        166,
        86,
        95,
        130,
        99,
        185,
        179,
        66,
        94,
        47,
        148,
        60,
        20,
        28,
        149,
        4,
        140,
        183,
        152,
        170,
        34,
        55,
        18,
        62,
        124,
        106,
        143,
        35,
        109,
        0,
        29,
        160,
        33,
        144,
        111,
        8,
        104,
        138,
        11,
        139,
        168,
        195,
        13,
        145,
        15,
        3,
        70,
        132,
        169,
        188,
        6,
        147,
        10,
        133,
        107,
        40,
        63,
        135,
        122,
        90,
        51,
        121,
        131,
        38,
        27,
        16,
        1,
        156,
        198,
        117,
        193,
        31,
        54,
        73,
        136,
        190,
        80,
        175,
        78,
        142,
        45,
        5,
        177,
        36,
        61,
        91
    ],
    "min_time": 5.159618616104126,
    "max_time": 6.372471809387207,
    "avg_time": 5.793894300460815
}