{
    "min_objective_function": 44650,
    "max_objective_function": 47798,
    "avg_objective_function": 46064.45,
    "best_solution_nodes": [
        82,
        111,
        144,
        33,
        160,
        29,
        0,
        109,
        35,
        143,
        106,
        124,
        62,
        18,
        55,
        34,
        170,
        152,
        4,
        149,
        28,
        20,
        60,
        148,
        47,
        94,
        66,
        179,
        22,
        99,
        140,
        183,
        95,
        130,
        185,
        86,
        166,
        194,
        176,
        113,
        103,
        114,
        137,
        127,
        89,
        163,
        187,
        153,
        81,
        77,
        141,
        91,
        61,
        36,
        177,
        5,
        45,
        142,
        78,
        175,
        80,
        190,
        136,
        73,
        54,
        31,
        193,
        117,
        198,
        121,
        90,
        122,
        135,
        1,
        16,
        27,
        38,
        63,
        40,
        107,
        133,
        10,
        147,
        6,
        188,
        169,
        132,
        70,
        3,
        15,
        145,
        13,
        195,
        168,
        139,
        11,
        138,
        104,
        8,
        21
    ],
    "min_time": 47.03181457519531,
    "max_time": 48.8931143283844,
    "avg_time": 47.86686291694641,
    "min_number_of_main_loop_runs": 27,
    "max_number_of_main_loop_runs": 38,
    "avg_number_of_main_loop_runs": 32.95
}