{
    "min_objective_function": 44617,
    "max_objective_function": 49643,
    "avg_objective_function": 46264.48,
    "best_solution_nodes": [
        136,
        190,
        80,
        45,
        142,
        175,
        78,
        5,
        177,
        36,
        61,
        91,
        141,
        77,
        81,
        153,
        187,
        163,
        103,
        89,
        127,
        137,
        114,
        113,
        176,
        194,
        166,
        86,
        185,
        179,
        66,
        94,
        47,
        148,
        60,
        20,
        130,
        95,
        183,
        140,
        28,
        149,
        4,
        152,
        170,
        34,
        55,
        18,
        62,
        124,
        106,
        143,
        111,
        82,
        21,
        8,
        104,
        144,
        0,
        35,
        109,
        29,
        160,
        33,
        11,
        138,
        182,
        139,
        168,
        195,
        13,
        145,
        15,
        3,
        70,
        132,
        169,
        188,
        6,
        147,
        51,
        121,
        90,
        133,
        40,
        107,
        122,
        135,
        63,
        38,
        27,
        16,
        1,
        156,
        198,
        117,
        193,
        31,
        54,
        73
    ],
    "min_time": 0.7083349227905273,
    "max_time": 0.963902473449707,
    "avg_time": 0.8104733109474183
}