{
    "min_objective_function": 45793,
    "max_objective_function": 51649,
    "avg_objective_function": 48381.48,
    "best_solution_nodes": [
        190,
        80,
        162,
        175,
        78,
        5,
        177,
        104,
        144,
        33,
        138,
        182,
        139,
        11,
        160,
        29,
        0,
        109,
        35,
        111,
        8,
        82,
        21,
        36,
        61,
        91,
        141,
        77,
        81,
        153,
        163,
        165,
        127,
        89,
        103,
        113,
        176,
        194,
        166,
        86,
        185,
        130,
        95,
        128,
        124,
        106,
        62,
        18,
        55,
        34,
        183,
        140,
        99,
        22,
        179,
        66,
        94,
        47,
        148,
        60,
        20,
        28,
        149,
        4,
        152,
        184,
        155,
        3,
        70,
        15,
        145,
        13,
        195,
        168,
        132,
        169,
        188,
        6,
        147,
        10,
        133,
        107,
        40,
        100,
        122,
        135,
        63,
        38,
        27,
        16,
        1,
        131,
        90,
        51,
        121,
        117,
        193,
        73,
        54,
        31
    ],
    "min_time": 4.254969835281372,
    "max_time": 7.0962018966674805,
    "avg_time": 5.460364921092987
}