{
    "min_objective_function": 43797,
    "max_objective_function": 49376,
    "avg_objective_function": 46004.63,
    "best_solution_nodes": [
        153,
        163,
        89,
        127,
        137,
        114,
        103,
        113,
        176,
        194,
        166,
        86,
        95,
        130,
        99,
        185,
        179,
        66,
        94,
        47,
        148,
        60,
        20,
        28,
        149,
        4,
        140,
        183,
        152,
        170,
        34,
        55,
        18,
        62,
        124,
        106,
        143,
        35,
        109,
        0,
        29,
        160,
        33,
        11,
        139,
        168,
        195,
        13,
        145,
        15,
        3,
        70,
        132,
        169,
        188,
        6,
        147,
        10,
        133,
        107,
        40,
        63,
        135,
        122,
        90,
        51,
        121,
        131,
        38,
        27,
        1,
        156,
        198,
        117,
        193,
        31,
        54,
        73,
        136,
        190,
        80,
        45,
        142,
        175,
        78,
        5,
        177,
        25,
        182,
        138,
        104,
        8,
        82,
        21,
        61,
        36,
        91,
        141,
        77,
        81
    ],
    "min_time": 9.342926740646362,
    "max_time": 16.56987500190735,
    "avg_time": 10.903655227422714
}