{
    "min_objective_function": 45876,
    "max_objective_function": 52731,
    "avg_objective_function": 49154.5,
    "best_solution_nodes": [
        191,
        90,
        122,
        133,
        40,
        107,
        100,
        63,
        135,
        1,
        16,
        38,
        27,
        156,
        198,
        117,
        54,
        31,
        193,
        73,
        136,
        190,
        80,
        175,
        78,
        142,
        45,
        5,
        177,
        25,
        121,
        51,
        118,
        182,
        138,
        11,
        33,
        29,
        0,
        109,
        35,
        160,
        144,
        104,
        8,
        82,
        21,
        36,
        61,
        91,
        141,
        77,
        81,
        153,
        187,
        165,
        127,
        89,
        103,
        113,
        176,
        166,
        194,
        179,
        66,
        94,
        47,
        148,
        60,
        20,
        28,
        149,
        4,
        140,
        183,
        130,
        95,
        185,
        86,
        106,
        124,
        62,
        18,
        55,
        170,
        152,
        184,
        155,
        3,
        70,
        15,
        145,
        195,
        168,
        13,
        132,
        169,
        188,
        6,
        147
    ],
    "min_time": 0.6337697505950928,
    "max_time": 1.2443082332611084,
    "avg_time": 0.9267004930973053
}