{
    "min_objective_function": 85699,
    "max_objective_function": 107981,
    "avg_objective_function": 99829.675,
    "best_solution_nodes": [
        145,
        78,
        31,
        56,
        113,
        175,
        171,
        16,
        25,
        44,
        120,
        92,
        57,
        49,
        102,
        37,
        148,
        167,
        152,
        97,
        124,
        12,
        94,
        122,
        63,
        53,
        154,
        70,
        127,
        112,
        184,
        181,
        34,
        160,
        123,
        194,
        135,
        180,
        79,
        133,
        162,
        149,
        131,
        47,
        65,
        116,
        59,
        118,
        51,
        151,
        80,
        176,
        137,
        23,
        89,
        183,
        143,
        170,
        117,
        93,
        140,
        36,
        68,
        139,
        69,
        108,
        18,
        22,
        146,
        159,
        193,
        41,
        5,
        42,
        43,
        115,
        198,
        46,
        0,
        153,
        76,
        186,
        83,
        114,
        64,
        15,
        9,
        62,
        73,
        21,
        144,
        14,
        138,
        178,
        106,
        185,
        165,
        90,
        40,
        179
    ],
    "min_time": 0.4202876091003418,
    "max_time": 0.4603090286254883,
    "avg_time": 0.4344519817829132
}