{
    "min_objective_function": 72590,
    "max_objective_function": 76005,
    "avg_objective_function": 74037.175,
    "best_solution_nodes": [
        160,
        48,
        54,
        30,
        10,
        190,
        177,
        184,
        42,
        43,
        116,
        65,
        149,
        123,
        127,
        70,
        135,
        154,
        53,
        180,
        162,
        151,
        133,
        79,
        63,
        121,
        97,
        26,
        100,
        86,
        75,
        44,
        25,
        16,
        171,
        175,
        113,
        56,
        31,
        78,
        145,
        179,
        196,
        81,
        90,
        40,
        119,
        165,
        185,
        106,
        178,
        14,
        144,
        62,
        9,
        148,
        102,
        49,
        52,
        55,
        92,
        57,
        129,
        82,
        120,
        2,
        101,
        1,
        152,
        124,
        94,
        122,
        80,
        176,
        137,
        23,
        186,
        89,
        183,
        143,
        117,
        0,
        51,
        59,
        118,
        115,
        198,
        46,
        68,
        139,
        41,
        193,
        159,
        69,
        108,
        18,
        22,
        146,
        181,
        34
    ],
    "min_time": 0.4267597198486328,
    "max_time": 0.4828357696533203,
    "avg_time": 0.4422938942909241
}