{
    "min_objective_function": 70978,
    "max_objective_function": 73327,
    "avg_objective_function": 71729.0,
    "best_solution_nodes": [
        34,
        160,
        48,
        54,
        30,
        177,
        10,
        190,
        4,
        112,
        84,
        35,
        184,
        42,
        43,
        116,
        65,
        131,
        149,
        123,
        127,
        162,
        151,
        133,
        135,
        70,
        154,
        180,
        53,
        100,
        26,
        86,
        75,
        120,
        44,
        25,
        16,
        171,
        175,
        113,
        56,
        31,
        78,
        145,
        179,
        196,
        81,
        90,
        40,
        119,
        165,
        185,
        106,
        14,
        144,
        62,
        9,
        148,
        102,
        49,
        178,
        52,
        55,
        92,
        57,
        129,
        2,
        101,
        1,
        97,
        152,
        124,
        94,
        63,
        79,
        80,
        176,
        137,
        23,
        89,
        183,
        143,
        117,
        0,
        51,
        118,
        59,
        115,
        46,
        68,
        139,
        41,
        193,
        159,
        69,
        108,
        18,
        22,
        146,
        181
    ],
    "min_time": 10.080516815185547,
    "max_time": 12.410170555114746,
    "avg_time": 10.63009086728096
}