{
    "min_objective_function": 97275,
    "max_objective_function": 111922,
    "avg_objective_function": 105535.025,
    "best_solution_nodes": [
        146,
        103,
        34,
        160,
        48,
        54,
        30,
        10,
        190,
        177,
        4,
        112,
        123,
        35,
        84,
        184,
        181,
        195,
        159,
        193,
        41,
        42,
        59,
        118,
        115,
        139,
        110,
        198,
        46,
        68,
        0,
        153,
        66,
        51,
        151,
        162,
        127,
        70,
        135,
        194,
        133,
        79,
        122,
        63,
        180,
        154,
        158,
        53,
        86,
        101,
        1,
        97,
        152,
        94,
        124,
        130,
        12,
        80,
        176,
        137,
        23,
        186,
        15,
        73,
        21,
        144,
        14,
        165,
        55,
        52,
        106,
        178,
        49,
        102,
        62,
        9,
        37,
        167,
        148,
        64,
        114,
        83,
        76,
        89,
        183,
        143,
        170,
        117,
        93,
        140,
        36,
        67,
        163,
        69,
        108,
        134,
        18,
        199,
        20,
        22
    ],
    "min_time": 0.4264392852783203,
    "max_time": 0.6100122928619385,
    "avg_time": 0.4486978805065155
}