{
    "min_objective_function": 71725,
    "max_objective_function": 78624,
    "avg_objective_function": 74247.295,
    "best_solution_nodes": [
        80,
        176,
        137,
        23,
        186,
        89,
        183,
        143,
        0,
        117,
        93,
        108,
        18,
        69,
        139,
        68,
        46,
        198,
        115,
        41,
        193,
        159,
        22,
        146,
        103,
        34,
        48,
        160,
        181,
        42,
        43,
        116,
        65,
        149,
        131,
        35,
        184,
        54,
        177,
        10,
        190,
        84,
        4,
        112,
        123,
        127,
        70,
        135,
        154,
        180,
        53,
        86,
        75,
        101,
        26,
        97,
        1,
        152,
        2,
        120,
        44,
        16,
        171,
        175,
        113,
        56,
        31,
        78,
        145,
        92,
        57,
        55,
        52,
        178,
        106,
        185,
        40,
        119,
        165,
        90,
        27,
        164,
        14,
        144,
        49,
        102,
        62,
        9,
        148,
        124,
        94,
        63,
        122,
        79,
        133,
        162,
        151,
        51,
        59,
        118
    ],
    "min_time": 1.8207108974456787,
    "max_time": 2.316033124923706,
    "avg_time": 2.068561774492264,
    "ls_stats_min": {
        "total_moves": 118.0,
        "moves_evaluated": 1779050.0,
        "inter_nodes_exchanges_count": 44.0,
        "intra_two_nodes_count": 0.0,
        "intra_two_edges_count": 63.0,
        "inter_nodes_exchanges_percentage": 0.35,
        "intra_two_nodes_percentage": 0.0,
        "intra_two_edges_percentage": 0.49
    },
    "ls_stats_max": {
        "total_moves": 148.0,
        "moves_evaluated": 2227550.0,
        "inter_nodes_exchanges_count": 69.0,
        "intra_two_nodes_count": 0.0,
        "intra_two_edges_count": 94.0,
        "inter_nodes_exchanges_percentage": 0.51,
        "intra_two_nodes_percentage": 0.0,
        "intra_two_edges_percentage": 0.65
    },
    "ls_stats_avg": {
        "total_moves": 132.495,
        "moves_evaluated": 1995750.25,
        "inter_nodes_exchanges_count": 54.905,
        "intra_two_nodes_count": 0.0,
        "intra_two_edges_count": 77.59,
        "inter_nodes_exchanges_percentage": 0.41465,
        "intra_two_nodes_percentage": 0.0,
        "intra_two_edges_percentage": 0.5853499999999999
    }
}