{
    "min_objective_function": 72385,
    "max_objective_function": 79477,
    "avg_objective_function": 75560.05,
    "best_solution_nodes": [
        52,
        55,
        106,
        178,
        3,
        14,
        49,
        102,
        144,
        62,
        9,
        15,
        37,
        148,
        124,
        94,
        122,
        63,
        133,
        79,
        80,
        176,
        137,
        23,
        186,
        114,
        183,
        143,
        0,
        117,
        68,
        46,
        115,
        139,
        41,
        193,
        159,
        108,
        18,
        22,
        146,
        195,
        181,
        34,
        160,
        48,
        54,
        177,
        10,
        184,
        42,
        43,
        116,
        65,
        47,
        131,
        149,
        59,
        118,
        51,
        151,
        162,
        123,
        127,
        70,
        135,
        154,
        180,
        53,
        121,
        100,
        26,
        86,
        75,
        101,
        1,
        97,
        152,
        2,
        120,
        44,
        25,
        129,
        57,
        92,
        145,
        78,
        16,
        171,
        175,
        113,
        31,
        81,
        196,
        119,
        40,
        185,
        165,
        90,
        27
    ],
    "min_time": 0.18414092063903809,
    "max_time": 0.42423534393310547,
    "avg_time": 0.2259574294090271,
    "ls_stats_min": {
        "total_moves": 161.0,
        "moves_evaluated": 94123.0,
        "inter_nodes_exchanges_count": 47.0,
        "intra_two_nodes_count": 0.0,
        "intra_two_edges_count": 101.0,
        "inter_nodes_exchanges_percentage": 0.23,
        "intra_two_nodes_percentage": 0.0,
        "intra_two_edges_percentage": 0.61
    },
    "ls_stats_max": {
        "total_moves": 241.0,
        "moves_evaluated": 137768.0,
        "inter_nodes_exchanges_count": 72.0,
        "intra_two_nodes_count": 0.0,
        "intra_two_edges_count": 171.0,
        "inter_nodes_exchanges_percentage": 0.39,
        "intra_two_nodes_percentage": 0.0,
        "intra_two_edges_percentage": 0.77
    },
    "ls_stats_avg": {
        "total_moves": 197.71,
        "moves_evaluated": 115445.94,
        "inter_nodes_exchanges_count": 59.12,
        "intra_two_nodes_count": 0.0,
        "intra_two_edges_count": 138.59,
        "inter_nodes_exchanges_percentage": 0.3002,
        "intra_two_nodes_percentage": 0.0,
        "intra_two_edges_percentage": 0.6999000000000001
    }
}