{
    "min_objective_function": 96861,
    "max_objective_function": 119924,
    "avg_objective_function": 108536.45,
    "best_solution_nodes": [
        82,
        2,
        101,
        94,
        124,
        79,
        137,
        148,
        9,
        62,
        14,
        102,
        49,
        3,
        106,
        165,
        27,
        90,
        178,
        23,
        89,
        186,
        15,
        144,
        52,
        57,
        129,
        160,
        48,
        177,
        4,
        112,
        84,
        35,
        184,
        30,
        54,
        34,
        22,
        146,
        195,
        41,
        93,
        117,
        0,
        143,
        153,
        183,
        46,
        149,
        43,
        42,
        65,
        118,
        51,
        176,
        133,
        151,
        72,
        162,
        122,
        80,
        75,
        145,
        92,
        120,
        63,
        68,
        108,
        199,
        69,
        18,
        116,
        115,
        139,
        159,
        181,
        135,
        154,
        86,
        53,
        180,
        70,
        127,
        123,
        131,
        193,
        5,
        59,
        26,
        97,
        152,
        1,
        55,
        185,
        40,
        78,
        16,
        44,
        25
    ],
    "min_time": 1.4591259956359863,
    "max_time": 2.246067523956299,
    "avg_time": 1.8992686557769776,
    "ls_stats_min": {
        "total_moves": 63.0,
        "moves_evaluated": 956800.0,
        "inter_nodes_exchanges_count": 63.0,
        "intra_two_nodes_count": 0.0,
        "intra_two_edges_count": 0.0,
        "inter_nodes_exchanges_percentage": 0.99,
        "intra_two_nodes_percentage": 0.0,
        "intra_two_edges_percentage": 0.0
    },
    "ls_stats_max": {
        "total_moves": 97.0,
        "moves_evaluated": 1465100.0,
        "inter_nodes_exchanges_count": 97.0,
        "intra_two_nodes_count": 1.0,
        "intra_two_edges_count": 0.0,
        "inter_nodes_exchanges_percentage": 1.0,
        "intra_two_nodes_percentage": 0.01,
        "intra_two_edges_percentage": 0.0
    },
    "ls_stats_avg": {
        "total_moves": 81.645,
        "moves_evaluated": 1235542.75,
        "inter_nodes_exchanges_count": 81.615,
        "intra_two_nodes_count": 0.03,
        "intra_two_edges_count": 0.0,
        "inter_nodes_exchanges_percentage": 0.9997,
        "intra_two_nodes_percentage": 0.0003,
        "intra_two_edges_percentage": 0.0
    }
}