{
    "min_objective_function": 46603,
    "max_objective_function": 54265,
    "avg_objective_function": 50100.08,
    "best_solution_nodes": [
        144,
        8,
        82,
        81,
        153,
        77,
        141,
        36,
        61,
        21,
        177,
        5,
        78,
        175,
        80,
        190,
        136,
        73,
        164,
        31,
        54,
        193,
        117,
        198,
        156,
        1,
        16,
        27,
        38,
        135,
        63,
        100,
        40,
        107,
        122,
        133,
        10,
        147,
        71,
        191,
        90,
        131,
        121,
        51,
        118,
        134,
        6,
        188,
        169,
        168,
        195,
        145,
        15,
        70,
        3,
        155,
        152,
        183,
        140,
        149,
        28,
        20,
        60,
        148,
        47,
        94,
        66,
        179,
        22,
        99,
        130,
        95,
        185,
        86,
        166,
        194,
        113,
        114,
        127,
        89,
        103,
        163,
        176,
        106,
        124,
        62,
        18,
        55,
        34,
        143,
        111,
        160,
        33,
        138,
        139,
        11,
        29,
        0,
        109,
        35
    ],
    "min_time": 0.1713731288909912,
    "max_time": 0.3259854316711426,
    "avg_time": 0.22222664952278137,
    "ls_stats_min": {
        "total_moves": 163.0,
        "moves_evaluated": 94418.0,
        "inter_nodes_exchanges_count": 49.0,
        "intra_two_nodes_count": 0.0,
        "intra_two_edges_count": 99.0,
        "inter_nodes_exchanges_percentage": 0.24,
        "intra_two_nodes_percentage": 0.0,
        "intra_two_edges_percentage": 0.59
    },
    "ls_stats_max": {
        "total_moves": 230.0,
        "moves_evaluated": 134192.0,
        "inter_nodes_exchanges_count": 77.0,
        "intra_two_nodes_count": 0.0,
        "intra_two_edges_count": 169.0,
        "inter_nodes_exchanges_percentage": 0.41,
        "intra_two_nodes_percentage": 0.0,
        "intra_two_edges_percentage": 0.76
    },
    "ls_stats_avg": {
        "total_moves": 196.15,
        "moves_evaluated": 113601.22,
        "inter_nodes_exchanges_count": 62.16,
        "intra_two_nodes_count": 0.0,
        "intra_two_edges_count": 133.99,
        "inter_nodes_exchanges_percentage": 0.31810000000000005,
        "intra_two_nodes_percentage": 0.0,
        "intra_two_edges_percentage": 0.68195
    }
}