{
    "min_objective_function": 65885,
    "max_objective_function": 87605,
    "avg_objective_function": 75181.92,
    "best_solution_nodes": [
        11,
        145,
        195,
        168,
        13,
        169,
        161,
        70,
        132,
        3,
        189,
        55,
        18,
        124,
        183,
        140,
        170,
        155,
        0,
        35,
        8,
        111,
        143,
        106,
        153,
        81,
        177,
        5,
        80,
        190,
        138,
        139,
        144,
        56,
        182,
        25,
        158,
        121,
        112,
        61,
        141,
        91,
        73,
        54,
        31,
        117,
        193,
        78,
        175,
        142,
        36,
        77,
        166,
        194,
        180,
        114,
        137,
        103,
        127,
        89,
        163,
        51,
        90,
        135,
        63,
        122,
        62,
        128,
        176,
        113,
        86,
        95,
        22,
        130,
        199,
        4,
        149,
        28,
        20,
        60,
        94,
        47,
        148,
        66,
        179,
        185,
        99,
        152,
        34,
        109,
        15,
        188,
        6,
        134,
        104,
        82,
        21,
        160,
        33,
        29
    ],
    "min_time": 1.7041277885437012,
    "max_time": 3.4668946266174316,
    "avg_time": 2.238115072250366,
    "ls_stats_min": {
        "total_moves": 73.0,
        "moves_evaluated": 1106300.0,
        "inter_nodes_exchanges_count": 73.0,
        "intra_two_nodes_count": 0.0,
        "intra_two_edges_count": 0.0,
        "inter_nodes_exchanges_percentage": 0.99,
        "intra_two_nodes_percentage": 0.0,
        "intra_two_edges_percentage": 0.0
    },
    "ls_stats_max": {
        "total_moves": 135.0,
        "moves_evaluated": 2033200.0,
        "inter_nodes_exchanges_count": 135.0,
        "intra_two_nodes_count": 1.0,
        "intra_two_edges_count": 0.0,
        "inter_nodes_exchanges_percentage": 1.0,
        "intra_two_nodes_percentage": 0.01,
        "intra_two_edges_percentage": 0.0
    },
    "ls_stats_avg": {
        "total_moves": 95.82,
        "moves_evaluated": 1447459.0,
        "inter_nodes_exchanges_count": 95.8,
        "intra_two_nodes_count": 0.02,
        "intra_two_edges_count": 0.0,
        "inter_nodes_exchanges_percentage": 0.9998,
        "intra_two_nodes_percentage": 0.0002,
        "intra_two_edges_percentage": 0.0
    }
}