{
    "min_objective_function": 45619,
    "max_objective_function": 52245,
    "avg_objective_function": 48627.95,
    "best_solution_nodes": [
        36,
        61,
        91,
        141,
        77,
        81,
        153,
        187,
        163,
        103,
        89,
        127,
        137,
        114,
        113,
        176,
        194,
        166,
        172,
        179,
        66,
        94,
        47,
        148,
        60,
        23,
        20,
        28,
        149,
        4,
        140,
        183,
        130,
        185,
        86,
        95,
        152,
        34,
        55,
        18,
        62,
        128,
        124,
        106,
        143,
        111,
        8,
        104,
        144,
        0,
        35,
        109,
        29,
        160,
        33,
        138,
        182,
        11,
        139,
        168,
        195,
        145,
        15,
        3,
        70,
        132,
        169,
        188,
        6,
        147,
        51,
        121,
        125,
        90,
        10,
        133,
        107,
        40,
        100,
        63,
        135,
        122,
        131,
        1,
        156,
        198,
        117,
        193,
        31,
        54,
        164,
        73,
        190,
        80,
        45,
        175,
        78,
        5,
        177,
        21
    ],
    "min_time": 1.838585376739502,
    "max_time": 2.382816791534424,
    "avg_time": 2.088015388250351,
    "ls_stats_min": {
        "total_moves": 117.0,
        "moves_evaluated": 1764100.0,
        "inter_nodes_exchanges_count": 44.0,
        "intra_two_nodes_count": 0.0,
        "intra_two_edges_count": 62.0,
        "inter_nodes_exchanges_percentage": 0.34,
        "intra_two_nodes_percentage": 0.0,
        "intra_two_edges_percentage": 0.5
    },
    "ls_stats_max": {
        "total_moves": 151.0,
        "moves_evaluated": 2272400.0,
        "inter_nodes_exchanges_count": 68.0,
        "intra_two_nodes_count": 0.0,
        "intra_two_edges_count": 93.0,
        "inter_nodes_exchanges_percentage": 0.5,
        "intra_two_nodes_percentage": 0.0,
        "intra_two_edges_percentage": 0.66
    },
    "ls_stats_avg": {
        "total_moves": 133.155,
        "moves_evaluated": 2005617.25,
        "inter_nodes_exchanges_count": 55.01,
        "intra_two_nodes_count": 0.0,
        "intra_two_edges_count": 78.145,
        "inter_nodes_exchanges_percentage": 0.4133,
        "intra_two_nodes_percentage": 0.0,
        "intra_two_edges_percentage": 0.5866500000000001
    }
}