{
    "min_objective_function": 46269,
    "max_objective_function": 52049,
    "avg_objective_function": 48662.18,
    "best_solution_nodes": [
        177,
        36,
        61,
        141,
        77,
        81,
        153,
        163,
        103,
        89,
        127,
        114,
        113,
        180,
        176,
        194,
        166,
        86,
        185,
        95,
        130,
        99,
        22,
        179,
        172,
        66,
        94,
        47,
        148,
        60,
        20,
        28,
        140,
        183,
        152,
        170,
        34,
        55,
        18,
        62,
        128,
        124,
        106,
        143,
        35,
        109,
        0,
        29,
        111,
        8,
        104,
        160,
        33,
        11,
        139,
        138,
        25,
        121,
        51,
        134,
        43,
        168,
        195,
        126,
        13,
        145,
        15,
        3,
        70,
        132,
        169,
        188,
        6,
        192,
        147,
        71,
        191,
        90,
        133,
        122,
        135,
        32,
        63,
        102,
        38,
        27,
        16,
        1,
        198,
        117,
        193,
        31,
        54,
        73,
        190,
        80,
        175,
        78,
        5,
        45
    ],
    "min_time": 1.3412954807281494,
    "max_time": 2.1450414657592773,
    "avg_time": 1.7697928190231322,
    "ls_stats_min": {
        "total_moves": 119.0,
        "moves_evaluated": 959433.0,
        "inter_nodes_exchanges_count": 44.0,
        "intra_two_nodes_count": 0.0,
        "intra_two_edges_count": 62.0,
        "inter_nodes_exchanges_percentage": 0.34,
        "intra_two_nodes_percentage": 0.0,
        "intra_two_edges_percentage": 0.51
    },
    "ls_stats_max": {
        "total_moves": 160.0,
        "moves_evaluated": 1439920.0,
        "inter_nodes_exchanges_count": 67.0,
        "intra_two_nodes_count": 0.0,
        "intra_two_edges_count": 94.0,
        "inter_nodes_exchanges_percentage": 0.49,
        "intra_two_nodes_percentage": 0.0,
        "intra_two_edges_percentage": 0.66
    },
    "ls_stats_avg": {
        "total_moves": 133.675,
        "moves_evaluated": 1205847.7,
        "inter_nodes_exchanges_count": 55.115,
        "intra_two_nodes_count": 0.0,
        "intra_two_edges_count": 78.56,
        "inter_nodes_exchanges_percentage": 0.4125,
        "intra_two_nodes_percentage": 0.0,
        "intra_two_edges_percentage": 0.5875
    }
}