{
    "min_objective_function": 68000,
    "max_objective_function": 88106,
    "avg_objective_function": 76068.71,
    "best_solution_nodes": [
        37,
        111,
        104,
        31,
        193,
        73,
        61,
        141,
        97,
        77,
        81,
        35,
        109,
        189,
        15,
        145,
        139,
        158,
        116,
        121,
        1,
        197,
        190,
        162,
        175,
        78,
        36,
        21,
        82,
        8,
        33,
        11,
        150,
        147,
        133,
        10,
        40,
        135,
        63,
        122,
        125,
        38,
        27,
        198,
        117,
        54,
        25,
        138,
        29,
        0,
        177,
        5,
        45,
        80,
        136,
        182,
        168,
        195,
        13,
        70,
        169,
        132,
        3,
        155,
        34,
        55,
        18,
        62,
        99,
        47,
        94,
        66,
        183,
        140,
        53,
        170,
        184,
        152,
        188,
        90,
        131,
        51,
        143,
        106,
        86,
        166,
        194,
        176,
        180,
        113,
        163,
        153,
        146,
        187,
        165,
        185,
        148,
        20,
        28,
        124
    ],
    "min_time": 0.15494203567504883,
    "max_time": 0.33301806449890137,
    "avg_time": 0.22125211477279663,
    "ls_stats_min": {
        "total_moves": 249.0,
        "inter_nodes_exchanges_count": 129.0,
        "intra_two_nodes_count": 120.0,
        "intra_two_edges_count": 0.0,
        "inter_nodes_exchanges_percentage": 0.42,
        "intra_two_nodes_percentage": 0.42,
        "intra_two_edges_percentage": 0.0
    },
    "ls_stats_max": {
        "total_moves": 454.0,
        "inter_nodes_exchanges_count": 215.0,
        "intra_two_nodes_count": 252.0,
        "intra_two_edges_count": 0.0,
        "inter_nodes_exchanges_percentage": 0.58,
        "intra_two_nodes_percentage": 0.58,
        "intra_two_edges_percentage": 0.0
    },
    "ls_stats_avg": {
        "total_moves": 356.815,
        "inter_nodes_exchanges_count": 179.11,
        "intra_two_nodes_count": 177.705,
        "intra_two_edges_count": 0.0,
        "inter_nodes_exchanges_percentage": 0.50295,
        "intra_two_nodes_percentage": 0.49705,
        "intra_two_edges_percentage": 0.0
    }
}