{
    "min_objective_function": 94675,
    "max_objective_function": 131461,
    "avg_objective_function": 112830.73,
    "best_solution_nodes": [
        20,
        60,
        148,
        185,
        176,
        86,
        194,
        128,
        65,
        155,
        188,
        19,
        117,
        135,
        131,
        116,
        8,
        25,
        177,
        74,
        139,
        125,
        78,
        118,
        142,
        163,
        119,
        89,
        183,
        181,
        174,
        55,
        34,
        168,
        27,
        38,
        134,
        145,
        140,
        9,
        83,
        153,
        166,
        70,
        169,
        132,
        33,
        104,
        68,
        81,
        141,
        61,
        36,
        91,
        79,
        21,
        175,
        5,
        37,
        35,
        160,
        11,
        43,
        192,
        138,
        29,
        109,
        0,
        111,
        77,
        82,
        143,
        159,
        106,
        124,
        3,
        195,
        67,
        191,
        147,
        71,
        6,
        158,
        112,
        121,
        173,
        193,
        162,
        190,
        1,
        122,
        178,
        90,
        51,
        98,
        182,
        170,
        18,
        110,
        62
    ],
    "min_time": 0.06595230102539062,
    "max_time": 0.1922907829284668,
    "avg_time": 0.09543650984764099,
    "ls_stats_min": {
        "total_moves": 69.0,
        "inter_nodes_exchanges_count": 33.0,
        "intra_two_nodes_count": 33.0,
        "intra_two_edges_count": 0.0,
        "inter_nodes_exchanges_percentage": 0.26,
        "intra_two_nodes_percentage": 0.48,
        "intra_two_edges_percentage": 0.0
    },
    "ls_stats_max": {
        "total_moves": 167.0,
        "inter_nodes_exchanges_count": 45.0,
        "intra_two_nodes_count": 124.0,
        "intra_two_edges_count": 0.0,
        "inter_nodes_exchanges_percentage": 0.52,
        "intra_two_nodes_percentage": 0.74,
        "intra_two_edges_percentage": 0.0
    },
    "ls_stats_avg": {
        "total_moves": 97.35,
        "inter_nodes_exchanges_count": 37.92,
        "intra_two_nodes_count": 59.43,
        "intra_two_edges_count": 0.0,
        "inter_nodes_exchanges_percentage": 0.39635000000000004,
        "intra_two_nodes_percentage": 0.60365,
        "intra_two_edges_percentage": 0.0
    }
}