{
    "min_objective_function": 44076,
    "max_objective_function": 50888,
    "avg_objective_function": 45215.635,
    "best_solution_nodes": [
        133,
        90,
        121,
        51,
        147,
        6,
        188,
        169,
        132,
        13,
        70,
        3,
        15,
        145,
        195,
        168,
        139,
        11,
        138,
        33,
        160,
        29,
        0,
        109,
        35,
        143,
        106,
        124,
        62,
        18,
        55,
        34,
        170,
        152,
        183,
        140,
        4,
        149,
        28,
        20,
        60,
        148,
        47,
        94,
        66,
        179,
        185,
        22,
        99,
        130,
        95,
        86,
        166,
        194,
        176,
        113,
        103,
        127,
        89,
        163,
        187,
        153,
        81,
        77,
        141,
        91,
        36,
        61,
        21,
        82,
        111,
        8,
        104,
        177,
        5,
        45,
        142,
        78,
        175,
        162,
        80,
        190,
        136,
        73,
        54,
        31,
        193,
        117,
        198,
        156,
        1,
        16,
        27,
        38,
        135,
        122,
        63,
        100,
        107,
        40
    ],
    "min_time": 0.3211193084716797,
    "max_time": 1.0486705303192139,
    "avg_time": 0.4646431839466095,
    "ls_stats_min": {
        "total_moves": 1.0,
        "inter_nodes_exchanges_count": 0.0,
        "intra_two_nodes_count": 0.0,
        "intra_two_edges_count": 1.0,
        "inter_nodes_exchanges_percentage": 0.0,
        "intra_two_nodes_percentage": 0.0,
        "intra_two_edges_percentage": 0.25
    },
    "ls_stats_max": {
        "total_moves": 37.0,
        "inter_nodes_exchanges_count": 15.0,
        "intra_two_nodes_count": 0.0,
        "intra_two_edges_count": 29.0,
        "inter_nodes_exchanges_percentage": 0.75,
        "intra_two_nodes_percentage": 0.0,
        "intra_two_edges_percentage": 1.0
    },
    "ls_stats_avg": {
        "total_moves": 7.615,
        "inter_nodes_exchanges_count": 2.445,
        "intra_two_nodes_count": 0.0,
        "intra_two_edges_count": 5.17,
        "inter_nodes_exchanges_percentage": 0.27704999999999996,
        "intra_two_nodes_percentage": 0.0,
        "intra_two_edges_percentage": 0.72295
    }
}