{
    "min_objective_function": 44140,
    "max_objective_function": 51146,
    "avg_objective_function": 45171.81,
    "best_solution_nodes": [
        133,
        10,
        90,
        51,
        147,
        6,
        188,
        169,
        132,
        13,
        70,
        3,
        15,
        145,
        195,
        168,
        139,
        11,
        138,
        33,
        160,
        29,
        0,
        109,
        35,
        143,
        106,
        124,
        62,
        18,
        55,
        34,
        170,
        152,
        183,
        140,
        4,
        149,
        28,
        20,
        60,
        148,
        47,
        94,
        66,
        179,
        185,
        22,
        99,
        130,
        95,
        86,
        166,
        194,
        176,
        113,
        103,
        127,
        89,
        163,
        187,
        153,
        81,
        77,
        141,
        91,
        36,
        61,
        21,
        82,
        111,
        8,
        104,
        177,
        5,
        45,
        142,
        78,
        175,
        162,
        80,
        190,
        136,
        73,
        54,
        31,
        193,
        117,
        198,
        156,
        1,
        16,
        27,
        38,
        135,
        122,
        63,
        100,
        107,
        40
    ],
    "min_time": 0.2593681812286377,
    "max_time": 0.597599983215332,
    "avg_time": 0.3255509412288666,
    "ls_stats_min": {
        "total_moves": 1.0,
        "moves_evaluated": 29900.0,
        "inter_nodes_exchanges_count": 0.0,
        "intra_two_nodes_count": 0.0,
        "intra_two_edges_count": 1.0,
        "inter_nodes_exchanges_percentage": 0.0,
        "intra_two_nodes_percentage": 0.0,
        "intra_two_edges_percentage": 0.33
    },
    "ls_stats_max": {
        "total_moves": 21.0,
        "moves_evaluated": 255641.0,
        "inter_nodes_exchanges_count": 9.0,
        "intra_two_nodes_count": 0.0,
        "intra_two_edges_count": 16.0,
        "inter_nodes_exchanges_percentage": 0.67,
        "intra_two_nodes_percentage": 0.0,
        "intra_two_edges_percentage": 1.0
    },
    "ls_stats_avg": {
        "total_moves": 5.355,
        "moves_evaluated": 70026.05,
        "inter_nodes_exchanges_count": 1.705,
        "intra_two_nodes_count": 0.0,
        "intra_two_edges_count": 3.65,
        "inter_nodes_exchanges_percentage": 0.2862,
        "intra_two_nodes_percentage": 0.0,
        "intra_two_edges_percentage": 0.7138
    }
}