{
    "min_objective_function": 46049,
    "max_objective_function": 52622,
    "avg_objective_function": 48563.48,
    "best_solution_nodes": [
        195,
        168,
        29,
        0,
        109,
        35,
        111,
        77,
        81,
        153,
        187,
        163,
        89,
        127,
        103,
        113,
        180,
        176,
        194,
        166,
        86,
        128,
        106,
        143,
        124,
        62,
        18,
        55,
        34,
        183,
        95,
        130,
        99,
        22,
        185,
        179,
        172,
        66,
        94,
        47,
        148,
        20,
        28,
        140,
        152,
        184,
        155,
        189,
        3,
        70,
        15,
        145,
        13,
        132,
        169,
        188,
        147,
        191,
        90,
        51,
        121,
        131,
        135,
        122,
        133,
        10,
        107,
        40,
        100,
        63,
        38,
        27,
        1,
        156,
        198,
        117,
        193,
        31,
        54,
        73,
        190,
        80,
        175,
        78,
        142,
        45,
        5,
        177,
        36,
        61,
        21,
        8,
        104,
        144,
        160,
        33,
        138,
        11,
        139,
        43
    ],
    "min_time": 4.032622337341309,
    "max_time": 6.0497002601623535,
    "avg_time": 5.0844275033473965,
    "ls_stats_min": {
        "total_moves": 362.0,
        "moves_evaluated": 60125.0,
        "inter_nodes_exchanges_count": 168.0,
        "intra_two_nodes_count": 0.0,
        "intra_two_edges_count": 175.0,
        "inter_nodes_exchanges_percentage": 0.39,
        "intra_two_nodes_percentage": 0.0,
        "intra_two_edges_percentage": 0.44
    },
    "ls_stats_max": {
        "total_moves": 475.0,
        "moves_evaluated": 178500.0,
        "inter_nodes_exchanges_count": 238.0,
        "intra_two_nodes_count": 0.0,
        "intra_two_edges_count": 266.0,
        "inter_nodes_exchanges_percentage": 0.56,
        "intra_two_nodes_percentage": 0.0,
        "intra_two_edges_percentage": 0.61
    },
    "ls_stats_avg": {
        "total_moves": 419.0,
        "moves_evaluated": 94068.805,
        "inter_nodes_exchanges_count": 199.12,
        "intra_two_nodes_count": 0.0,
        "intra_two_edges_count": 219.88,
        "inter_nodes_exchanges_percentage": 0.47564999999999996,
        "intra_two_nodes_percentage": 0.0,
        "intra_two_edges_percentage": 0.5244000000000001
    }
}