{
    "min_objective_function": 79993,
    "max_objective_function": 115824,
    "avg_objective_function": 96165.415,
    "best_solution_nodes": [
        35,
        29,
        43,
        168,
        13,
        134,
        138,
        25,
        136,
        30,
        31,
        117,
        198,
        121,
        193,
        190,
        80,
        175,
        45,
        62,
        34,
        18,
        152,
        126,
        189,
        132,
        169,
        90,
        188,
        5,
        78,
        36,
        61,
        79,
        111,
        8,
        176,
        180,
        113,
        172,
        57,
        66,
        94,
        127,
        114,
        86,
        165,
        89,
        163,
        103,
        130,
        199,
        95,
        28,
        47,
        148,
        128,
        166,
        185,
        140,
        9,
        183,
        59,
        149,
        20,
        124,
        179,
        143,
        106,
        184,
        155,
        161,
        3,
        145,
        15,
        195,
        139,
        33,
        82,
        21,
        144,
        77,
        97,
        141,
        187,
        81,
        146,
        160,
        153,
        104,
        131,
        135,
        102,
        63,
        125,
        96,
        122,
        51,
        0,
        109
    ],
    "min_time": 0.17484259605407715,
    "max_time": 0.623131275177002,
    "avg_time": 0.3530759954452515,
    "ls_stats_min": {
        "total_moves": 266.0,
        "inter_nodes_exchanges_count": 124.0,
        "intra_two_nodes_count": 139.0,
        "intra_two_edges_count": 0.0,
        "inter_nodes_exchanges_percentage": 0.33,
        "intra_two_nodes_percentage": 0.48,
        "intra_two_edges_percentage": 0.0
    },
    "ls_stats_max": {
        "total_moves": 992.0,
        "inter_nodes_exchanges_count": 402.0,
        "intra_two_nodes_count": 590.0,
        "intra_two_edges_count": 0.0,
        "inter_nodes_exchanges_percentage": 0.52,
        "intra_two_nodes_percentage": 0.67,
        "intra_two_edges_percentage": 0.0
    },
    "ls_stats_avg": {
        "total_moves": 554.295,
        "inter_nodes_exchanges_count": 229.56,
        "intra_two_nodes_count": 324.735,
        "intra_two_edges_count": 0.0,
        "inter_nodes_exchanges_percentage": 0.42095,
        "intra_two_nodes_percentage": 0.5790000000000001,
        "intra_two_edges_percentage": 0.0
    }
}