{
    "min_objective_function": 45430,
    "max_objective_function": 51622,
    "avg_objective_function": 48483.98,
    "best_solution_nodes": [
        193,
        31,
        54,
        73,
        136,
        190,
        80,
        175,
        5,
        36,
        61,
        91,
        141,
        77,
        81,
        153,
        187,
        163,
        89,
        127,
        114,
        103,
        113,
        180,
        176,
        194,
        166,
        86,
        185,
        95,
        130,
        99,
        22,
        179,
        66,
        94,
        47,
        148,
        60,
        20,
        28,
        149,
        4,
        140,
        183,
        174,
        152,
        170,
        34,
        55,
        18,
        62,
        124,
        106,
        159,
        143,
        111,
        35,
        109,
        0,
        29,
        145,
        15,
        3,
        70,
        188,
        6,
        169,
        132,
        13,
        126,
        195,
        168,
        139,
        11,
        138,
        33,
        160,
        104,
        8,
        82,
        87,
        21,
        177,
        25,
        121,
        51,
        90,
        122,
        133,
        107,
        40,
        63,
        135,
        38,
        27,
        16,
        1,
        198,
        117
    ],
    "min_time": 4.193857669830322,
    "max_time": 8.312137126922607,
    "avg_time": 6.452086807489395,
    "ls_stats_min": {
        "total_moves": 351.0,
        "inter_nodes_exchanges_count": 150.0,
        "intra_two_nodes_count": 0.0,
        "intra_two_edges_count": 176.0,
        "inter_nodes_exchanges_percentage": 0.41,
        "intra_two_nodes_percentage": 0.0,
        "intra_two_edges_percentage": 0.45
    },
    "ls_stats_max": {
        "total_moves": 486.0,
        "inter_nodes_exchanges_count": 241.0,
        "intra_two_nodes_count": 0.0,
        "intra_two_edges_count": 261.0,
        "inter_nodes_exchanges_percentage": 0.55,
        "intra_two_nodes_percentage": 0.0,
        "intra_two_edges_percentage": 0.59
    },
    "ls_stats_avg": {
        "total_moves": 415.185,
        "inter_nodes_exchanges_count": 198.215,
        "intra_two_nodes_count": 0.0,
        "intra_two_edges_count": 216.97,
        "inter_nodes_exchanges_percentage": 0.47755,
        "intra_two_nodes_percentage": 0.0,
        "intra_two_edges_percentage": 0.5224500000000001
    }
}