{
    "min_objective_function": 44392,
    "max_objective_function": 52452,
    "avg_objective_function": 45744.76,
    "best_solution_nodes": [
        40,
        107,
        100,
        63,
        122,
        135,
        38,
        27,
        16,
        1,
        156,
        198,
        117,
        193,
        31,
        54,
        73,
        136,
        190,
        80,
        162,
        175,
        78,
        142,
        45,
        5,
        177,
        104,
        8,
        111,
        82,
        21,
        61,
        36,
        91,
        141,
        77,
        81,
        153,
        187,
        163,
        89,
        127,
        103,
        113,
        176,
        194,
        166,
        86,
        95,
        130,
        99,
        22,
        185,
        179,
        66,
        94,
        47,
        148,
        60,
        20,
        28,
        149,
        4,
        140,
        183,
        152,
        170,
        34,
        55,
        18,
        62,
        124,
        106,
        143,
        35,
        109,
        0,
        29,
        160,
        33,
        138,
        11,
        139,
        168,
        195,
        145,
        15,
        3,
        70,
        13,
        132,
        169,
        188,
        6,
        147,
        191,
        90,
        51,
        133
    ],
    "min_time": 0.173353910446167,
    "max_time": 0.2891569137573242,
    "avg_time": 0.1818006992340088,
    "ls_stats_min": {
        "total_moves": 0.0,
        "inter_nodes_exchanges_count": 0.0,
        "intra_two_nodes_count": 0.0,
        "intra_two_edges_count": 0.0,
        "inter_nodes_exchanges_percentage": 0.33,
        "intra_two_nodes_percentage": 0.0,
        "intra_two_edges_percentage": 0.0
    },
    "ls_stats_max": {
        "total_moves": 4.0,
        "inter_nodes_exchanges_count": 4.0,
        "intra_two_nodes_count": 2.0,
        "intra_two_edges_count": 0.0,
        "inter_nodes_exchanges_percentage": 1.0,
        "intra_two_nodes_percentage": 0.67,
        "intra_two_edges_percentage": 0.0
    },
    "ls_stats_avg": {
        "total_moves": 0.89,
        "inter_nodes_exchanges_count": 0.815,
        "intra_two_nodes_count": 0.075,
        "intra_two_edges_count": 0.0,
        "inter_nodes_exchanges_percentage": 0.948888888888889,
        "intra_two_nodes_percentage": 0.051111111111111114,
        "intra_two_edges_percentage": 0.0
    }
}