{
    "min_objective_function": 68125,
    "max_objective_function": 87325,
    "avg_objective_function": 76644.59,
    "best_solution_nodes": [
        94,
        47,
        99,
        130,
        185,
        133,
        107,
        40,
        72,
        63,
        122,
        125,
        25,
        142,
        175,
        78,
        5,
        190,
        136,
        54,
        31,
        193,
        117,
        151,
        121,
        98,
        51,
        134,
        138,
        182,
        145,
        70,
        161,
        188,
        169,
        132,
        168,
        195,
        13,
        6,
        147,
        90,
        191,
        15,
        3,
        155,
        53,
        152,
        170,
        29,
        104,
        160,
        33,
        11,
        139,
        2,
        131,
        96,
        135,
        34,
        18,
        62,
        124,
        86,
        95,
        183,
        140,
        81,
        77,
        91,
        21,
        82,
        8,
        106,
        113,
        89,
        163,
        111,
        144,
        109,
        0,
        35,
        143,
        55,
        28,
        20,
        148,
        179,
        176,
        153,
        79,
        177,
        36,
        141,
        97,
        187,
        137,
        194,
        166,
        66
    ],
    "min_time": 0.07453775405883789,
    "max_time": 0.1932373046875,
    "avg_time": 0.09793880581855774,
    "ls_stats_min": {
        "total_moves": 96.0,
        "inter_nodes_exchanges_count": 42.0,
        "intra_two_nodes_count": 44.0,
        "intra_two_edges_count": 0.0,
        "inter_nodes_exchanges_percentage": 0.36,
        "intra_two_nodes_percentage": 0.43,
        "intra_two_edges_percentage": 0.0
    },
    "ls_stats_max": {
        "total_moves": 170.0,
        "inter_nodes_exchanges_count": 67.0,
        "intra_two_nodes_count": 109.0,
        "intra_two_edges_count": 0.0,
        "inter_nodes_exchanges_percentage": 0.57,
        "intra_two_nodes_percentage": 0.64,
        "intra_two_edges_percentage": 0.0
    },
    "ls_stats_avg": {
        "total_moves": 126.68,
        "inter_nodes_exchanges_count": 55.43,
        "intra_two_nodes_count": 71.25,
        "intra_two_edges_count": 0.0,
        "inter_nodes_exchanges_percentage": 0.44125,
        "intra_two_nodes_percentage": 0.5587000000000001,
        "intra_two_edges_percentage": 0.0
    }
}