{
    "min_objective_function": 44446,
    "max_objective_function": 54288,
    "avg_objective_function": 46386.0,
    "best_solution_nodes": [
        131,
        121,
        51,
        90,
        191,
        147,
        6,
        188,
        169,
        132,
        13,
        70,
        3,
        15,
        145,
        195,
        168,
        139,
        11,
        182,
        138,
        33,
        160,
        29,
        0,
        109,
        35,
        143,
        106,
        124,
        62,
        18,
        55,
        34,
        170,
        152,
        183,
        140,
        4,
        149,
        28,
        20,
        60,
        148,
        47,
        94,
        66,
        179,
        185,
        22,
        99,
        130,
        95,
        86,
        166,
        194,
        176,
        180,
        113,
        103,
        114,
        137,
        127,
        89,
        163,
        187,
        153,
        81,
        77,
        141,
        91,
        61,
        36,
        177,
        5,
        45,
        142,
        78,
        175,
        162,
        80,
        190,
        136,
        73,
        193,
        31,
        54,
        117,
        198,
        156,
        1,
        16,
        27,
        38,
        135,
        122,
        63,
        100,
        107,
        40
    ],
    "min_time": 0.22016644477844238,
    "max_time": 0.5803194046020508,
    "avg_time": 0.29196287631988527,
    "ls_stats_min": {
        "total_moves": 0.0,
        "inter_nodes_exchanges_count": 0.0,
        "intra_two_nodes_count": 0.0,
        "intra_two_edges_count": 0.0,
        "inter_nodes_exchanges_percentage": 0.0,
        "intra_two_nodes_percentage": 0.0,
        "intra_two_edges_percentage": 0.0
    },
    "ls_stats_max": {
        "total_moves": 19.0,
        "inter_nodes_exchanges_count": 15.0,
        "intra_two_nodes_count": 6.0,
        "intra_two_edges_count": 0.0,
        "inter_nodes_exchanges_percentage": 0.79,
        "intra_two_nodes_percentage": 0.75,
        "intra_two_edges_percentage": 0.0
    },
    "ls_stats_avg": {
        "total_moves": 1.9,
        "inter_nodes_exchanges_count": 1.05,
        "intra_two_nodes_count": 0.85,
        "intra_two_edges_count": 0.0,
        "inter_nodes_exchanges_percentage": 0.30645,
        "intra_two_nodes_percentage": 0.27855,
        "intra_two_edges_percentage": 0.0
    }
}