{
    "min_objective_function": 66089,
    "max_objective_function": 88866,
    "avg_objective_function": 75897.57,
    "best_solution_nodes": [
        13,
        132,
        169,
        6,
        147,
        118,
        25,
        177,
        91,
        141,
        81,
        153,
        163,
        187,
        77,
        82,
        8,
        21,
        5,
        31,
        117,
        198,
        193,
        136,
        190,
        80,
        175,
        78,
        36,
        61,
        111,
        35,
        0,
        104,
        56,
        144,
        49,
        160,
        33,
        11,
        138,
        182,
        191,
        90,
        107,
        40,
        188,
        53,
        152,
        18,
        55,
        155,
        195,
        126,
        145,
        189,
        62,
        194,
        166,
        48,
        179,
        86,
        124,
        109,
        143,
        106,
        103,
        127,
        89,
        114,
        113,
        176,
        128,
        95,
        185,
        140,
        183,
        34,
        43,
        134,
        74,
        98,
        51,
        120,
        158,
        121,
        54,
        131,
        1,
        135,
        32,
        100,
        63,
        122,
        139,
        168,
        29,
        15,
        3,
        70
    ],
    "min_time": 0.5456998348236084,
    "max_time": 1.1187093257904053,
    "avg_time": 0.8104670798778534,
    "ls_stats_min": {
        "total_moves": 278.0,
        "moves_evaluated": 11387.0,
        "inter_nodes_exchanges_count": 136.0,
        "intra_two_nodes_count": 124.0,
        "intra_two_edges_count": 0.0,
        "inter_nodes_exchanges_percentage": 0.42,
        "intra_two_nodes_percentage": 0.41,
        "intra_two_edges_percentage": 0.0
    },
    "ls_stats_max": {
        "total_moves": 490.0,
        "moves_evaluated": 29785.0,
        "inter_nodes_exchanges_count": 234.0,
        "intra_two_nodes_count": 256.0,
        "intra_two_edges_count": 0.0,
        "inter_nodes_exchanges_percentage": 0.59,
        "intra_two_nodes_percentage": 0.58,
        "intra_two_edges_percentage": 0.0
    },
    "ls_stats_avg": {
        "total_moves": 357.185,
        "moves_evaluated": 17713.01,
        "inter_nodes_exchanges_count": 176.96,
        "intra_two_nodes_count": 180.225,
        "intra_two_edges_count": 0.0,
        "inter_nodes_exchanges_percentage": 0.49644999999999995,
        "intra_two_nodes_percentage": 0.5035499999999999,
        "intra_two_edges_percentage": 0.0
    }
}