{
    "min_objective_function": 193230,
    "max_objective_function": 236483,
    "avg_objective_function": 213807.54,
    "best_solution_nodes": [
        180,
        104,
        182,
        161,
        185,
        52,
        90,
        72,
        94,
        146,
        29,
        118,
        125,
        190,
        18,
        117,
        27,
        103,
        73,
        171,
        46,
        148,
        93,
        142,
        30,
        34,
        39,
        77,
        45,
        44,
        199,
        86,
        107,
        15,
        168,
        133,
        113,
        26,
        181,
        172,
        43,
        134,
        129,
        144,
        119,
        56,
        35,
        162,
        87,
        128,
        178,
        131,
        101,
        31,
        126,
        105,
        49,
        110,
        58,
        183,
        163,
        12,
        160,
        120,
        50,
        51,
        54,
        0,
        97,
        8,
        124,
        16,
        112,
        91,
        74,
        169,
        173,
        150,
        14,
        155,
        70,
        53,
        137,
        153,
        184,
        79,
        13,
        121,
        166,
        114,
        62,
        84,
        65,
        159,
        174,
        154,
        33,
        5,
        38,
        11
    ],
    "min_time": 0.0,
    "max_time": 0.001504659652709961,
    "avg_time": 7.736444473266602e-05
}