{
    "min_objective_function": 46306,
    "max_objective_function": 53763,
    "avg_objective_function": 49613.17,
    "best_solution_nodes": [
        54,
        73,
        136,
        190,
        80,
        175,
        5,
        177,
        25,
        104,
        144,
        111,
        8,
        82,
        21,
        61,
        36,
        141,
        97,
        77,
        81,
        153,
        187,
        163,
        89,
        127,
        137,
        114,
        103,
        113,
        176,
        194,
        166,
        86,
        128,
        124,
        106,
        143,
        62,
        18,
        55,
        95,
        130,
        99,
        185,
        179,
        66,
        94,
        47,
        148,
        60,
        20,
        28,
        149,
        140,
        183,
        152,
        155,
        15,
        3,
        70,
        132,
        169,
        188,
        168,
        195,
        145,
        109,
        35,
        0,
        29,
        160,
        33,
        138,
        11,
        139,
        134,
        147,
        71,
        51,
        191,
        90,
        125,
        121,
        131,
        122,
        133,
        107,
        40,
        63,
        135,
        38,
        27,
        16,
        1,
        156,
        198,
        117,
        193,
        31
    ],
    "min_time": 0.5418787002563477,
    "max_time": 0.6975247859954834,
    "avg_time": 0.6021502327919006,
    "ls_stats_min": {
        "total_moves": 126.0,
        "moves_evaluated": 344612.0,
        "inter_nodes_exchanges_count": 35.0,
        "intra_two_nodes_count": 0.0,
        "intra_two_edges_count": 82.0,
        "inter_nodes_exchanges_percentage": 0.26,
        "intra_two_nodes_percentage": 0.0,
        "intra_two_edges_percentage": 0.61
    },
    "ls_stats_max": {
        "total_moves": 162.0,
        "moves_evaluated": 445006.0,
        "inter_nodes_exchanges_count": 59.0,
        "intra_two_nodes_count": 0.0,
        "intra_two_edges_count": 111.0,
        "inter_nodes_exchanges_percentage": 0.39,
        "intra_two_nodes_percentage": 0.0,
        "intra_two_edges_percentage": 0.74
    },
    "ls_stats_avg": {
        "total_moves": 140.525,
        "moves_evaluated": 385893.88,
        "inter_nodes_exchanges_count": 45.165,
        "intra_two_nodes_count": 0.0,
        "intra_two_edges_count": 95.36,
        "inter_nodes_exchanges_percentage": 0.3209,
        "intra_two_nodes_percentage": 0.0,
        "intra_two_edges_percentage": 0.6791000000000001
    }
}