{
    "min_objective_function": 75373,
    "max_objective_function": 85896,
    "avg_objective_function": 80467.505,
    "best_solution_nodes": [
        53,
        180,
        154,
        135,
        70,
        127,
        123,
        112,
        190,
        10,
        177,
        54,
        48,
        34,
        160,
        184,
        84,
        35,
        24,
        162,
        133,
        151,
        72,
        59,
        115,
        116,
        65,
        43,
        5,
        42,
        181,
        193,
        159,
        22,
        18,
        69,
        108,
        163,
        41,
        139,
        46,
        68,
        93,
        117,
        0,
        143,
        183,
        114,
        15,
        186,
        23,
        137,
        51,
        176,
        80,
        63,
        94,
        148,
        37,
        9,
        62,
        102,
        49,
        14,
        144,
        21,
        164,
        90,
        81,
        39,
        165,
        119,
        40,
        185,
        106,
        178,
        52,
        57,
        129,
        92,
        145,
        78,
        157,
        31,
        56,
        113,
        175,
        171,
        16,
        25,
        44,
        120,
        2,
        152,
        97,
        1,
        101,
        75,
        86,
        26
    ],
    "min_time": 0.558718204498291,
    "max_time": 0.6993842124938965,
    "avg_time": 0.630068747997284,
    "ls_stats_min": {
        "total_moves": 121.0,
        "moves_evaluated": 370800.0,
        "inter_nodes_exchanges_count": 29.0,
        "intra_two_nodes_count": 0.0,
        "intra_two_edges_count": 82.0,
        "inter_nodes_exchanges_percentage": 0.22,
        "intra_two_nodes_percentage": 0.0,
        "intra_two_edges_percentage": 0.66
    },
    "ls_stats_max": {
        "total_moves": 149.0,
        "moves_evaluated": 469989.0,
        "inter_nodes_exchanges_count": 47.0,
        "intra_two_nodes_count": 0.0,
        "intra_two_edges_count": 113.0,
        "inter_nodes_exchanges_percentage": 0.34,
        "intra_two_nodes_percentage": 0.0,
        "intra_two_edges_percentage": 0.78
    },
    "ls_stats_avg": {
        "total_moves": 134.175,
        "moves_evaluated": 417753.92,
        "inter_nodes_exchanges_count": 37.345,
        "intra_two_nodes_count": 0.0,
        "intra_two_edges_count": 96.83,
        "inter_nodes_exchanges_percentage": 0.27865,
        "intra_two_nodes_percentage": 0.0,
        "intra_two_edges_percentage": 0.7213499999999999
    }
}