{
    "min_objective_function": 43550,
    "max_objective_function": 45506,
    "avg_objective_function": 44373.55,
    "best_solution_nodes": [
        111,
        82,
        21,
        8,
        104,
        144,
        160,
        33,
        138,
        11,
        139,
        168,
        195,
        13,
        145,
        15,
        3,
        70,
        132,
        169,
        188,
        6,
        147,
        191,
        90,
        51,
        121,
        131,
        122,
        135,
        63,
        38,
        27,
        16,
        1,
        156,
        198,
        117,
        193,
        31,
        54,
        73,
        136,
        190,
        80,
        175,
        78,
        142,
        45,
        5,
        177,
        36,
        61,
        91,
        141,
        77,
        81,
        153,
        187,
        163,
        103,
        89,
        127,
        137,
        114,
        113,
        176,
        194,
        166,
        86,
        185,
        95,
        130,
        99,
        22,
        179,
        66,
        94,
        47,
        148,
        60,
        20,
        28,
        149,
        4,
        140,
        183,
        152,
        170,
        34,
        55,
        18,
        62,
        124,
        106,
        143,
        35,
        109,
        0,
        29
    ],
    "min_time": 47.18940043449402,
    "max_time": 47.33431959152222,
    "avg_time": 47.25480308532715,
    "min_number_of_main_loop_runs": 593,
    "max_number_of_main_loop_runs": 630,
    "avg_number_of_main_loop_runs": 616.25
}