{
    "min_objective_function": 44984,
    "max_objective_function": 48748,
    "avg_objective_function": 46796.55,
    "best_solution_nodes": [
        187,
        153,
        81,
        77,
        141,
        91,
        36,
        61,
        21,
        82,
        8,
        104,
        144,
        0,
        35,
        109,
        29,
        168,
        195,
        13,
        145,
        15,
        3,
        70,
        132,
        169,
        188,
        6,
        134,
        25,
        177,
        5,
        45,
        142,
        78,
        175,
        162,
        80,
        190,
        136,
        73,
        54,
        31,
        193,
        117,
        198,
        156,
        1,
        16,
        27,
        38,
        63,
        135,
        122,
        90,
        51,
        121,
        182,
        138,
        139,
        11,
        33,
        160,
        111,
        143,
        106,
        124,
        62,
        18,
        55,
        34,
        170,
        152,
        183,
        140,
        4,
        149,
        28,
        20,
        60,
        148,
        47,
        94,
        66,
        179,
        22,
        99,
        130,
        95,
        185,
        86,
        166,
        194,
        176,
        180,
        113,
        103,
        127,
        89,
        163
    ],
    "min_time": 47.01956248283386,
    "max_time": 47.072991371154785,
    "avg_time": 47.045512878894804,
    "min_number_of_main_loop_runs": 797,
    "max_number_of_main_loop_runs": 816,
    "avg_number_of_main_loop_runs": 807.95
}