{
    "min_objective_function": 43490,
    "max_objective_function": 46112,
    "avg_objective_function": 44437.15,
    "best_solution_nodes": [
        70,
        3,
        15,
        145,
        13,
        195,
        168,
        139,
        11,
        138,
        33,
        160,
        144,
        104,
        8,
        21,
        82,
        111,
        29,
        0,
        109,
        35,
        143,
        106,
        124,
        62,
        18,
        55,
        34,
        170,
        152,
        183,
        140,
        4,
        149,
        28,
        20,
        60,
        148,
        47,
        94,
        66,
        179,
        22,
        99,
        130,
        95,
        185,
        86,
        166,
        194,
        176,
        113,
        103,
        163,
        89,
        127,
        165,
        187,
        153,
        81,
        77,
        141,
        91,
        61,
        36,
        177,
        5,
        78,
        175,
        142,
        45,
        80,
        190,
        136,
        73,
        54,
        31,
        193,
        117,
        198,
        156,
        1,
        16,
        27,
        38,
        63,
        40,
        107,
        122,
        135,
        131,
        121,
        51,
        90,
        147,
        6,
        188,
        169,
        132
    ],
    "min_time": 47.20915102958679,
    "max_time": 47.37988209724426,
    "avg_time": 47.2866207242012,
    "min_number_of_main_loop_runs": 682,
    "max_number_of_main_loop_runs": 756,
    "avg_number_of_main_loop_runs": 720.85
}