{
    "min_objective_function": 70332,
    "max_objective_function": 75237,
    "avg_objective_function": 72743.57286432161,
    "best_solution_nodes": [
        52,
        55,
        57,
        129,
        92,
        179,
        145,
        78,
        31,
        56,
        113,
        175,
        171,
        16,
        25,
        44,
        120,
        2,
        75,
        86,
        100,
        26,
        101,
        1,
        97,
        152,
        124,
        94,
        63,
        53,
        180,
        154,
        135,
        70,
        127,
        123,
        112,
        4,
        84,
        35,
        184,
        190,
        10,
        177,
        54,
        48,
        160,
        34,
        181,
        146,
        22,
        18,
        108,
        69,
        159,
        193,
        41,
        139,
        68,
        46,
        115,
        5,
        42,
        43,
        116,
        65,
        59,
        118,
        51,
        162,
        151,
        133,
        79,
        80,
        176,
        137,
        0,
        117,
        143,
        183,
        89,
        23,
        186,
        15,
        148,
        9,
        62,
        102,
        144,
        14,
        49,
        178,
        106,
        165,
        90,
        81,
        196,
        40,
        119,
        185
    ],
    "min_time": 0.15148401260375977,
    "max_time": 0.2419281005859375,
    "avg_time": 0.16482391908540198
}