{
    "min_objective_function": 236147,
    "max_objective_function": 290929,
    "avg_objective_function": 265351.24,
    "best_solution_nodes": [
        197,
        24,
        7,
        68,
        4,
        136,
        187,
        13,
        173,
        184,
        57,
        3,
        131,
        48,
        180,
        97,
        162,
        99,
        79,
        12,
        44,
        58,
        154,
        186,
        170,
        105,
        113,
        74,
        14,
        138,
        141,
        108,
        101,
        51,
        125,
        192,
        191,
        143,
        37,
        34,
        43,
        103,
        151,
        26,
        175,
        121,
        55,
        80,
        62,
        140,
        36,
        193,
        96,
        20,
        78,
        127,
        149,
        178,
        176,
        147,
        194,
        177,
        89,
        155,
        139,
        137,
        182,
        77,
        167,
        94,
        88,
        196,
        168,
        25,
        190,
        47,
        144,
        75,
        189,
        124,
        150,
        106,
        110,
        22,
        98,
        112,
        70,
        158,
        116,
        50,
        164,
        40,
        19,
        61,
        10,
        18,
        183,
        107,
        100,
        198
    ],
    "min_time": 0.0,
    "max_time": 0.0013306140899658203,
    "avg_time": 7.772564888000488e-05
}