{
    "min_objective_function": 124783,
    "max_objective_function": 167822,
    "avg_objective_function": 143870.26,
    "best_solution_nodes": [
        12,
        1,
        152,
        121,
        167,
        120,
        78,
        56,
        175,
        171,
        145,
        31,
        165,
        27,
        183,
        40,
        144,
        61,
        89,
        62,
        96,
        177,
        160,
        194,
        135,
        123,
        195,
        34,
        30,
        84,
        10,
        184,
        22,
        20,
        18,
        43,
        41,
        193,
        159,
        139,
        59,
        151,
        65,
        80,
        111,
        148,
        37,
        97,
        124,
        116,
        42,
        181,
        5,
        115,
        178,
        106,
        3,
        129,
        14,
        52,
        55,
        57,
        2,
        92,
        26,
        180,
        70,
        25,
        13,
        16,
        113,
        44,
        53,
        63,
        100,
        86,
        136,
        162,
        133,
        127,
        154,
        32,
        49,
        94,
        79,
        72,
        46,
        68,
        176,
        137,
        109,
        101,
        51,
        75,
        185,
        196,
        186,
        122,
        131,
        149
    ],
    "min_time": 0.06568741798400879,
    "max_time": 0.16364359855651855,
    "avg_time": 0.08978038549423217,
    "ls_stats_min": {
        "total_moves": 70.0,
        "inter_nodes_exchanges_count": 32.0,
        "intra_two_nodes_count": 34.0,
        "intra_two_edges_count": 0.0,
        "inter_nodes_exchanges_percentage": 0.26,
        "intra_two_nodes_percentage": 0.47,
        "intra_two_edges_percentage": 0.0
    },
    "ls_stats_max": {
        "total_moves": 147.0,
        "inter_nodes_exchanges_count": 46.0,
        "intra_two_nodes_count": 106.0,
        "intra_two_edges_count": 0.0,
        "inter_nodes_exchanges_percentage": 0.53,
        "intra_two_nodes_percentage": 0.74,
        "intra_two_edges_percentage": 0.0
    },
    "ls_stats_avg": {
        "total_moves": 101.315,
        "inter_nodes_exchanges_count": 38.58,
        "intra_two_nodes_count": 62.735,
        "intra_two_edges_count": 0.0,
        "inter_nodes_exchanges_percentage": 0.38905,
        "intra_two_nodes_percentage": 0.611,
        "intra_two_edges_percentage": 0.0
    }
}