{
    "min_objective_function": 71115,
    "max_objective_function": 77250,
    "avg_objective_function": 74122.925,
    "best_solution_nodes": [
        131,
        35,
        184,
        84,
        112,
        4,
        10,
        177,
        54,
        48,
        160,
        34,
        181,
        146,
        22,
        18,
        108,
        159,
        193,
        41,
        139,
        46,
        68,
        117,
        0,
        143,
        183,
        89,
        186,
        23,
        137,
        148,
        9,
        62,
        102,
        49,
        144,
        14,
        3,
        178,
        106,
        52,
        55,
        185,
        40,
        119,
        165,
        90,
        81,
        196,
        179,
        145,
        78,
        31,
        56,
        113,
        175,
        171,
        16,
        25,
        44,
        120,
        129,
        92,
        57,
        2,
        75,
        86,
        121,
        100,
        26,
        97,
        101,
        1,
        152,
        94,
        63,
        53,
        158,
        180,
        154,
        135,
        127,
        123,
        162,
        151,
        133,
        79,
        80,
        176,
        51,
        109,
        118,
        59,
        115,
        42,
        43,
        116,
        65,
        149
    ],
    "min_time": 4.8749964237213135,
    "max_time": 9.368123769760132,
    "avg_time": 6.8073461520671845,
    "ls_stats_min": {
        "total_moves": 370.0,
        "moves_evaluated": 59752.0,
        "inter_nodes_exchanges_count": 132.0,
        "intra_two_nodes_count": 0.0,
        "intra_two_edges_count": 212.0,
        "inter_nodes_exchanges_percentage": 0.33,
        "intra_two_nodes_percentage": 0.0,
        "intra_two_edges_percentage": 0.53
    },
    "ls_stats_max": {
        "total_moves": 481.0,
        "moves_evaluated": 148446.0,
        "inter_nodes_exchanges_count": 209.0,
        "intra_two_nodes_count": 0.0,
        "intra_two_edges_count": 291.0,
        "inter_nodes_exchanges_percentage": 0.47,
        "intra_two_nodes_percentage": 0.0,
        "intra_two_edges_percentage": 0.67
    },
    "ls_stats_avg": {
        "total_moves": 418.745,
        "moves_evaluated": 93558.97,
        "inter_nodes_exchanges_count": 169.37,
        "intra_two_nodes_count": 0.0,
        "intra_two_edges_count": 249.375,
        "inter_nodes_exchanges_percentage": 0.4047,
        "intra_two_nodes_percentage": 0.0,
        "intra_two_edges_percentage": 0.5953
    }
}