{
    "min_objective_function": 108471,
    "max_objective_function": 152557,
    "avg_objective_function": 121960.62,
    "best_solution_nodes": [
        46,
        183,
        181,
        34,
        160,
        184,
        54,
        30,
        10,
        177,
        112,
        4,
        35,
        123,
        101,
        121,
        1,
        57,
        178,
        52,
        62,
        148,
        15,
        144,
        14,
        106,
        55,
        49,
        92,
        185,
        179,
        40,
        31,
        25,
        78,
        44,
        135,
        154,
        70,
        94,
        26,
        162,
        189,
        19,
        53,
        158,
        180,
        136,
        133,
        63,
        79,
        115,
        117,
        93,
        108,
        18,
        36,
        139,
        47,
        193,
        77,
        42,
        116,
        43,
        127,
        194,
        24,
        149,
        5,
        41,
        22,
        65,
        118,
        51,
        151,
        120,
        59,
        2,
        97,
        152,
        100,
        86,
        16,
        75,
        175,
        171,
        56,
        113,
        165,
        145,
        119,
        81,
        176,
        80,
        124,
        9,
        186,
        137,
        114,
        23
    ],
    "min_time": 0.17879724502563477,
    "max_time": 1.0375115871429443,
    "avg_time": 0.4110803663730621,
    "ls_stats_min": {
        "total_moves": 251.0,
        "inter_nodes_exchanges_count": 130.0,
        "intra_two_nodes_count": 121.0,
        "intra_two_edges_count": 0.0,
        "inter_nodes_exchanges_percentage": 0.25,
        "intra_two_nodes_percentage": 0.48,
        "intra_two_edges_percentage": 0.0
    },
    "ls_stats_max": {
        "total_moves": 1222.0,
        "inter_nodes_exchanges_count": 372.0,
        "intra_two_nodes_count": 895.0,
        "intra_two_edges_count": 0.0,
        "inter_nodes_exchanges_percentage": 0.52,
        "intra_two_nodes_percentage": 0.75,
        "intra_two_edges_percentage": 0.0
    },
    "ls_stats_avg": {
        "total_moves": 610.37,
        "inter_nodes_exchanges_count": 203.965,
        "intra_two_nodes_count": 406.405,
        "intra_two_edges_count": 0.0,
        "inter_nodes_exchanges_percentage": 0.34364999999999996,
        "intra_two_nodes_percentage": 0.6563499999999999,
        "intra_two_edges_percentage": 0.0
    }
}