{
    "min_objective_function": 92916,
    "max_objective_function": 121129,
    "avg_objective_function": 103693.29,
    "best_solution_nodes": [
        123,
        57,
        40,
        119,
        165,
        58,
        90,
        179,
        145,
        78,
        92,
        129,
        2,
        63,
        79,
        122,
        137,
        186,
        23,
        46,
        42,
        193,
        199,
        159,
        133,
        53,
        86,
        1,
        101,
        100,
        26,
        121,
        80,
        176,
        51,
        77,
        43,
        5,
        116,
        162,
        75,
        120,
        44,
        25,
        16,
        171,
        175,
        113,
        31,
        55,
        52,
        196,
        81,
        185,
        148,
        93,
        18,
        22,
        34,
        54,
        177,
        135,
        154,
        97,
        152,
        94,
        151,
        118,
        59,
        115,
        139,
        191,
        117,
        143,
        0,
        183,
        89,
        114,
        15,
        9,
        49,
        3,
        178,
        106,
        138,
        14,
        144,
        62,
        124,
        180,
        70,
        127,
        156,
        112,
        149,
        65,
        41,
        181,
        160,
        184
    ],
    "min_time": 0.08509707450866699,
    "max_time": 0.30761122703552246,
    "avg_time": 0.12697454214096068,
    "ls_stats_min": {
        "total_moves": 91.0,
        "moves_evaluated": 42121.0,
        "inter_nodes_exchanges_count": 45.0,
        "intra_two_nodes_count": 46.0,
        "intra_two_edges_count": 0.0,
        "inter_nodes_exchanges_percentage": 0.31,
        "intra_two_nodes_percentage": 0.49,
        "intra_two_edges_percentage": 0.0
    },
    "ls_stats_max": {
        "total_moves": 183.0,
        "moves_evaluated": 75795.0,
        "inter_nodes_exchanges_count": 69.0,
        "intra_two_nodes_count": 124.0,
        "intra_two_edges_count": 0.0,
        "inter_nodes_exchanges_percentage": 0.51,
        "intra_two_nodes_percentage": 0.69,
        "intra_two_edges_percentage": 0.0
    },
    "ls_stats_avg": {
        "total_moves": 132.22,
        "moves_evaluated": 56669.15,
        "inter_nodes_exchanges_count": 54.01,
        "intra_two_nodes_count": 78.21,
        "intra_two_edges_count": 0.0,
        "inter_nodes_exchanges_percentage": 0.41155,
        "intra_two_nodes_percentage": 0.58835,
        "intra_two_edges_percentage": 0.0
    }
}