{
    "min_objective_function": 71814,
    "max_objective_function": 77397,
    "avg_objective_function": 74140.87,
    "best_solution_nodes": [
        2,
        1,
        101,
        75,
        86,
        100,
        26,
        97,
        152,
        124,
        94,
        63,
        53,
        180,
        154,
        70,
        135,
        133,
        79,
        80,
        176,
        51,
        118,
        59,
        151,
        162,
        65,
        116,
        43,
        131,
        149,
        123,
        127,
        112,
        84,
        184,
        177,
        54,
        48,
        160,
        34,
        181,
        146,
        22,
        195,
        159,
        193,
        41,
        42,
        5,
        115,
        46,
        139,
        69,
        18,
        108,
        93,
        117,
        0,
        143,
        183,
        89,
        23,
        137,
        186,
        15,
        148,
        37,
        9,
        62,
        144,
        14,
        49,
        3,
        178,
        106,
        52,
        55,
        57,
        179,
        185,
        40,
        119,
        165,
        27,
        90,
        81,
        196,
        31,
        113,
        175,
        171,
        16,
        25,
        44,
        120,
        78,
        145,
        92,
        129
    ],
    "min_time": 3.615598678588867,
    "max_time": 9.550164461135864,
    "avg_time": 5.885674598217011,
    "ls_stats_min": {
        "total_moves": 350.0,
        "inter_nodes_exchanges_count": 127.0,
        "intra_two_nodes_count": 0.0,
        "intra_two_edges_count": 200.0,
        "inter_nodes_exchanges_percentage": 0.33,
        "intra_two_nodes_percentage": 0.0,
        "intra_two_edges_percentage": 0.51
    },
    "ls_stats_max": {
        "total_moves": 488.0,
        "inter_nodes_exchanges_count": 209.0,
        "intra_two_nodes_count": 0.0,
        "intra_two_edges_count": 306.0,
        "inter_nodes_exchanges_percentage": 0.49,
        "intra_two_nodes_percentage": 0.0,
        "intra_two_edges_percentage": 0.67
    },
    "ls_stats_avg": {
        "total_moves": 417.69,
        "inter_nodes_exchanges_count": 166.69,
        "intra_two_nodes_count": 0.0,
        "intra_two_edges_count": 251.0,
        "inter_nodes_exchanges_percentage": 0.39904999999999996,
        "intra_two_nodes_percentage": 0.0,
        "intra_two_edges_percentage": 0.60095
    }
}