{
    "min_objective_function": 70016,
    "max_objective_function": 74340,
    "avg_objective_function": 72048.14,
    "best_solution_nodes": [
        93,
        117,
        0,
        143,
        183,
        89,
        186,
        23,
        137,
        176,
        80,
        79,
        63,
        94,
        124,
        152,
        97,
        1,
        101,
        2,
        129,
        92,
        57,
        55,
        52,
        178,
        49,
        102,
        148,
        9,
        62,
        144,
        14,
        106,
        185,
        40,
        119,
        165,
        90,
        81,
        196,
        179,
        145,
        78,
        31,
        56,
        113,
        175,
        171,
        16,
        25,
        44,
        120,
        75,
        86,
        26,
        100,
        53,
        180,
        154,
        135,
        70,
        127,
        123,
        162,
        133,
        151,
        51,
        118,
        59,
        65,
        116,
        43,
        184,
        35,
        84,
        112,
        4,
        190,
        10,
        177,
        54,
        48,
        160,
        34,
        146,
        22,
        18,
        108,
        69,
        159,
        181,
        42,
        5,
        41,
        193,
        139,
        115,
        46,
        68
    ],
    "min_time": 0.3214232921600342,
    "max_time": 0.907498836517334,
    "avg_time": 0.5610363936424255,
    "ls_stats_min": {
        "total_moves": 2.0,
        "inter_nodes_exchanges_count": 0.0,
        "intra_two_nodes_count": 0.0,
        "intra_two_edges_count": 1.0,
        "inter_nodes_exchanges_percentage": 0.0,
        "intra_two_nodes_percentage": 0.0,
        "intra_two_edges_percentage": 0.38
    },
    "ls_stats_max": {
        "total_moves": 28.0,
        "inter_nodes_exchanges_count": 8.0,
        "intra_two_nodes_count": 0.0,
        "intra_two_edges_count": 23.0,
        "inter_nodes_exchanges_percentage": 0.62,
        "intra_two_nodes_percentage": 0.0,
        "intra_two_edges_percentage": 1.0
    },
    "ls_stats_avg": {
        "total_moves": 10.455,
        "inter_nodes_exchanges_count": 1.495,
        "intra_two_nodes_count": 0.0,
        "intra_two_edges_count": 8.96,
        "inter_nodes_exchanges_percentage": 0.13405,
        "intra_two_nodes_percentage": 0.0,
        "intra_two_edges_percentage": 0.86595
    }
}