{
    "min_objective_function": 69885,
    "max_objective_function": 74249,
    "avg_objective_function": 72019.5,
    "best_solution_nodes": [
        108,
        69,
        18,
        22,
        146,
        159,
        193,
        41,
        139,
        68,
        46,
        115,
        118,
        59,
        65,
        116,
        43,
        42,
        181,
        34,
        160,
        48,
        54,
        177,
        10,
        190,
        4,
        112,
        84,
        184,
        35,
        131,
        149,
        123,
        127,
        70,
        135,
        154,
        180,
        53,
        86,
        100,
        26,
        97,
        152,
        1,
        101,
        75,
        2,
        120,
        44,
        25,
        129,
        57,
        92,
        145,
        78,
        16,
        171,
        175,
        113,
        56,
        31,
        157,
        196,
        81,
        90,
        165,
        119,
        40,
        185,
        55,
        52,
        106,
        178,
        14,
        49,
        102,
        144,
        62,
        9,
        148,
        94,
        63,
        79,
        133,
        162,
        151,
        51,
        80,
        176,
        137,
        23,
        89,
        183,
        143,
        0,
        117,
        140,
        93
    ],
    "min_time": 0.23470044136047363,
    "max_time": 1.2009294033050537,
    "avg_time": 0.5978962516784668,
    "ls_stats_min": {
        "total_moves": 2.0,
        "moves_evaluated": 14988.0,
        "inter_nodes_exchanges_count": 0.0,
        "intra_two_nodes_count": 0.0,
        "intra_two_edges_count": 1.0,
        "inter_nodes_exchanges_percentage": 0.0,
        "intra_two_nodes_percentage": 0.0,
        "intra_two_edges_percentage": 0.33
    },
    "ls_stats_max": {
        "total_moves": 34.0,
        "moves_evaluated": 100819.0,
        "inter_nodes_exchanges_count": 12.0,
        "intra_two_nodes_count": 0.0,
        "intra_two_edges_count": 29.0,
        "inter_nodes_exchanges_percentage": 0.67,
        "intra_two_nodes_percentage": 0.0,
        "intra_two_edges_percentage": 1.0
    },
    "ls_stats_avg": {
        "total_moves": 11.045,
        "moves_evaluated": 48559.645,
        "inter_nodes_exchanges_count": 1.515,
        "intra_two_nodes_count": 0.0,
        "intra_two_edges_count": 9.53,
        "inter_nodes_exchanges_percentage": 0.13135000000000002,
        "intra_two_nodes_percentage": 0.0,
        "intra_two_edges_percentage": 0.8686500000000001
    }
}