{
    "min_objective_function": 91760,
    "max_objective_function": 114423,
    "avg_objective_function": 102118.375,
    "best_solution_nodes": [
        167,
        37,
        148,
        80,
        176,
        103,
        146,
        159,
        139,
        170,
        143,
        0,
        115,
        41,
        193,
        46,
        93,
        108,
        18,
        22,
        160,
        162,
        101,
        44,
        31,
        78,
        145,
        179,
        57,
        9,
        186,
        183,
        89,
        23,
        137,
        51,
        149,
        131,
        35,
        84,
        112,
        127,
        70,
        135,
        180,
        123,
        184,
        177,
        104,
        54,
        34,
        181,
        42,
        2,
        129,
        92,
        120,
        75,
        86,
        53,
        65,
        43,
        116,
        59,
        118,
        151,
        133,
        79,
        152,
        25,
        16,
        171,
        175,
        113,
        81,
        169,
        196,
        1,
        100,
        154,
        121,
        26,
        97,
        63,
        122,
        94,
        124,
        55,
        185,
        27,
        90,
        40,
        165,
        14,
        144,
        62,
        49,
        52,
        178,
        106
    ],
    "min_time": 0.1779491901397705,
    "max_time": 0.42325496673583984,
    "avg_time": 0.24135382294654847,
    "ls_stats_min": {
        "total_moves": 283.0,
        "inter_nodes_exchanges_count": 122.0,
        "intra_two_nodes_count": 138.0,
        "intra_two_edges_count": 0.0,
        "inter_nodes_exchanges_percentage": 0.36,
        "intra_two_nodes_percentage": 0.47,
        "intra_two_edges_percentage": 0.0
    },
    "ls_stats_max": {
        "total_moves": 459.0,
        "inter_nodes_exchanges_count": 194.0,
        "intra_two_nodes_count": 289.0,
        "intra_two_edges_count": 0.0,
        "inter_nodes_exchanges_percentage": 0.53,
        "intra_two_nodes_percentage": 0.64,
        "intra_two_edges_percentage": 0.0
    },
    "ls_stats_avg": {
        "total_moves": 359.7,
        "inter_nodes_exchanges_count": 155.37,
        "intra_two_nodes_count": 204.33,
        "intra_two_edges_count": 0.0,
        "inter_nodes_exchanges_percentage": 0.43285,
        "intra_two_nodes_percentage": 0.5670499999999999,
        "intra_two_edges_percentage": 0.0
    }
}