{
    "min_objective_function": 71179,
    "max_objective_function": 80245,
    "avg_objective_function": 73854.77,
    "best_solution_nodes": [
        68,
        46,
        115,
        139,
        193,
        41,
        5,
        42,
        181,
        159,
        69,
        108,
        18,
        22,
        146,
        34,
        160,
        48,
        54,
        177,
        10,
        190,
        4,
        112,
        84,
        35,
        184,
        43,
        116,
        65,
        59,
        118,
        51,
        151,
        133,
        162,
        123,
        127,
        70,
        135,
        180,
        154,
        53,
        100,
        26,
        86,
        75,
        44,
        25,
        16,
        171,
        175,
        113,
        56,
        31,
        78,
        145,
        179,
        92,
        57,
        52,
        185,
        119,
        40,
        196,
        81,
        90,
        165,
        106,
        178,
        14,
        144,
        62,
        9,
        148,
        102,
        49,
        55,
        129,
        120,
        2,
        101,
        1,
        97,
        152,
        124,
        94,
        63,
        79,
        80,
        176,
        137,
        23,
        186,
        89,
        183,
        143,
        0,
        117,
        93
    ],
    "min_time": 0.1719684600830078,
    "max_time": 0.18887543678283691,
    "avg_time": 0.17828975796699523,
    "ls_stats_min": {
        "total_moves": 0.0,
        "inter_nodes_exchanges_count": 0.0,
        "intra_two_nodes_count": 0.0,
        "intra_two_edges_count": 0.0,
        "inter_nodes_exchanges_percentage": 0.0,
        "intra_two_nodes_percentage": 0.0,
        "intra_two_edges_percentage": 0.0
    },
    "ls_stats_max": {
        "total_moves": 6.0,
        "inter_nodes_exchanges_count": 3.0,
        "intra_two_nodes_count": 3.0,
        "intra_two_edges_count": 0.0,
        "inter_nodes_exchanges_percentage": 0.6,
        "intra_two_nodes_percentage": 0.5,
        "intra_two_edges_percentage": 0.0
    },
    "ls_stats_avg": {
        "total_moves": 1.585,
        "inter_nodes_exchanges_count": 0.795,
        "intra_two_nodes_count": 0.79,
        "intra_two_edges_count": 0.0,
        "inter_nodes_exchanges_percentage": 0.298,
        "intra_two_nodes_percentage": 0.297,
        "intra_two_edges_percentage": 0.0
    }
}