{
    "min_objective_function": 89295,
    "max_objective_function": 111291,
    "avg_objective_function": 101920.725,
    "best_solution_nodes": [
        1,
        97,
        152,
        2,
        129,
        179,
        31,
        56,
        113,
        175,
        43,
        42,
        181,
        195,
        146,
        34,
        184,
        166,
        160,
        48,
        54,
        104,
        177,
        84,
        112,
        70,
        154,
        158,
        180,
        63,
        79,
        51,
        118,
        41,
        193,
        159,
        22,
        18,
        68,
        46,
        139,
        115,
        65,
        151,
        101,
        44,
        25,
        171,
        16,
        26,
        133,
        131,
        162,
        80,
        176,
        9,
        148,
        124,
        94,
        59,
        116,
        47,
        149,
        123,
        127,
        135,
        53,
        121,
        100,
        86,
        75,
        120,
        78,
        145,
        196,
        81,
        90,
        27,
        40,
        185,
        52,
        165,
        14,
        144,
        62,
        183,
        143,
        117,
        0,
        60,
        137,
        23,
        89,
        186,
        49,
        178,
        106,
        55,
        57,
        92
    ],
    "min_time": 0.5319459438323975,
    "max_time": 1.113783836364746,
    "avg_time": 0.88157848238945,
    "ls_stats_min": {
        "total_moves": 241.0,
        "moves_evaluated": 11087.0,
        "inter_nodes_exchanges_count": 114.0,
        "intra_two_nodes_count": 120.0,
        "intra_two_edges_count": 0.0,
        "inter_nodes_exchanges_percentage": 0.33,
        "intra_two_nodes_percentage": 0.47,
        "intra_two_edges_percentage": 0.0
    },
    "ls_stats_max": {
        "total_moves": 443.0,
        "moves_evaluated": 29308.0,
        "inter_nodes_exchanges_count": 203.0,
        "intra_two_nodes_count": 275.0,
        "intra_two_edges_count": 0.0,
        "inter_nodes_exchanges_percentage": 0.53,
        "intra_two_nodes_percentage": 0.67,
        "intra_two_edges_percentage": 0.0
    },
    "ls_stats_avg": {
        "total_moves": 362.58,
        "moves_evaluated": 18456.21,
        "inter_nodes_exchanges_count": 158.335,
        "intra_two_nodes_count": 204.245,
        "intra_two_edges_count": 0.0,
        "inter_nodes_exchanges_percentage": 0.43784999999999996,
        "intra_two_nodes_percentage": 0.56215,
        "intra_two_edges_percentage": 0.0
    }
}