{
    "min_objective_function": 70110,
    "max_objective_function": 74270,
    "avg_objective_function": 71998.895,
    "best_solution_nodes": [
        93,
        117,
        0,
        143,
        183,
        89,
        186,
        23,
        137,
        148,
        9,
        62,
        144,
        102,
        49,
        14,
        165,
        90,
        81,
        196,
        40,
        119,
        185,
        106,
        178,
        52,
        55,
        57,
        129,
        92,
        179,
        145,
        78,
        31,
        56,
        113,
        175,
        171,
        16,
        25,
        44,
        120,
        2,
        75,
        101,
        1,
        152,
        97,
        26,
        100,
        86,
        53,
        94,
        63,
        79,
        80,
        176,
        51,
        151,
        162,
        133,
        180,
        154,
        135,
        70,
        127,
        123,
        149,
        131,
        35,
        184,
        84,
        112,
        4,
        190,
        10,
        177,
        54,
        48,
        160,
        34,
        181,
        42,
        43,
        116,
        65,
        59,
        118,
        115,
        46,
        68,
        139,
        41,
        193,
        159,
        146,
        22,
        18,
        69,
        108
    ],
    "min_time": 0.1947953701019287,
    "max_time": 0.43024253845214844,
    "avg_time": 0.26861963748931883,
    "ls_stats_min": {
        "total_moves": 2.0,
        "inter_nodes_exchanges_count": 0.0,
        "intra_two_nodes_count": 0.0,
        "intra_two_edges_count": 2.0,
        "inter_nodes_exchanges_percentage": 0.0,
        "intra_two_nodes_percentage": 0.0,
        "intra_two_edges_percentage": 0.5
    },
    "ls_stats_max": {
        "total_moves": 20.0,
        "inter_nodes_exchanges_count": 3.0,
        "intra_two_nodes_count": 0.0,
        "intra_two_edges_count": 18.0,
        "inter_nodes_exchanges_percentage": 0.5,
        "intra_two_nodes_percentage": 0.0,
        "intra_two_edges_percentage": 1.0
    },
    "ls_stats_avg": {
        "total_moves": 7.82,
        "inter_nodes_exchanges_count": 0.93,
        "intra_two_nodes_count": 0.0,
        "intra_two_edges_count": 6.89,
        "inter_nodes_exchanges_percentage": 0.12480000000000001,
        "intra_two_nodes_percentage": 0.0,
        "intra_two_edges_percentage": 0.8752000000000001
    }
}