{
    "min_objective_function": 46966,
    "max_objective_function": 57078,
    "avg_objective_function": 50443.07537688442,
    "best_solution_nodes": [
        113,
        26,
        103,
        114,
        137,
        127,
        89,
        163,
        165,
        187,
        153,
        81,
        77,
        141,
        91,
        61,
        36,
        177,
        5,
        45,
        142,
        78,
        175,
        162,
        80,
        190,
        136,
        193,
        198,
        117,
        31,
        54,
        73,
        112,
        121,
        25,
        182,
        139,
        168,
        195,
        145,
        15,
        3,
        70,
        13,
        132,
        169,
        188,
        6,
        147,
        134,
        11,
        138,
        104,
        8,
        21,
        82,
        111,
        144,
        33,
        160,
        29,
        0,
        109,
        35,
        143,
        106,
        124,
        128,
        62,
        18,
        55,
        34,
        170,
        152,
        140,
        183,
        95,
        130,
        99,
        22,
        9,
        199,
        4,
        149,
        28,
        20,
        60,
        148,
        47,
        94,
        66,
        172,
        179,
        185,
        86,
        166,
        176,
        180,
        194
    ],
    "min_time": 0.15149569511413574,
    "max_time": 0.20988249778747559,
    "avg_time": 0.15823561941558992
}