{
    "min_objective_function": 45825,
    "max_objective_function": 47480,
    "avg_objective_function": 46801.35,
    "best_solution_nodes": [
        0,
        35,
        109,
        29,
        160,
        33,
        11,
        139,
        182,
        138,
        104,
        8,
        144,
        111,
        143,
        106,
        124,
        62,
        18,
        55,
        34,
        152,
        183,
        140,
        4,
        149,
        28,
        20,
        60,
        148,
        47,
        94,
        66,
        172,
        179,
        99,
        130,
        95,
        185,
        86,
        166,
        194,
        176,
        180,
        113,
        114,
        127,
        89,
        103,
        163,
        153,
        77,
        141,
        91,
        36,
        61,
        21,
        177,
        5,
        142,
        78,
        175,
        45,
        162,
        80,
        190,
        136,
        73,
        54,
        31,
        193,
        117,
        1,
        16,
        27,
        38,
        135,
        63,
        40,
        72,
        122,
        133,
        191,
        90,
        125,
        131,
        121,
        98,
        51,
        147,
        6,
        188,
        169,
        70,
        3,
        15,
        145,
        13,
        195,
        168
    ],
    "min_time": 44.60431694984436,
    "max_time": 45.8964786529541,
    "avg_time": 45.30483192205429
}