{
    "min_objective_function": 43568,
    "max_objective_function": 44484,
    "avg_objective_function": 43858.2,
    "best_solution_nodes": [
        194,
        176,
        113,
        114,
        137,
        127,
        89,
        103,
        163,
        187,
        153,
        81,
        77,
        141,
        91,
        61,
        36,
        177,
        5,
        78,
        175,
        45,
        80,
        190,
        136,
        73,
        54,
        31,
        193,
        117,
        198,
        156,
        1,
        27,
        38,
        63,
        40,
        107,
        122,
        135,
        131,
        121,
        51,
        90,
        147,
        6,
        188,
        169,
        132,
        13,
        70,
        3,
        15,
        145,
        195,
        168,
        139,
        11,
        182,
        138,
        33,
        160,
        144,
        104,
        8,
        21,
        82,
        111,
        29,
        0,
        109,
        35,
        143,
        106,
        124,
        62,
        18,
        55,
        34,
        170,
        152,
        183,
        140,
        4,
        149,
        28,
        20,
        60,
        148,
        47,
        94,
        66,
        179,
        22,
        99,
        130,
        95,
        185,
        86,
        166
    ],
    "min_time": 47.19253993034363,
    "max_time": 47.302610874176025,
    "avg_time": 47.241536831855775,
    "min_number_of_local_search_runs": 875,
    "max_number_of_local_search_runs": 940,
    "avg_number_of_local_search_runs": 901.35
}