{
    "min_objective_function": 45058,
    "max_objective_function": 47040,
    "avg_objective_function": 46140.3,
    "best_solution_nodes": [
        181,
        176,
        67,
        32,
        151,
        56,
        103,
        88,
        94,
        148,
        36,
        134,
        89,
        14,
        146,
        128,
        192,
        85,
        159,
        99,
        179,
        73,
        124,
        101,
        166,
        84,
        185,
        31,
        115,
        110,
        160,
        54,
        167,
        104,
        172,
        5,
        38,
        106,
        193,
        130,
        175,
        60,
        10,
        126,
        116,
        22,
        149,
        64,
        57,
        82,
        8,
        141,
        118,
        29,
        157,
        62,
        113,
        65,
        80,
        170,
        79,
        165,
        150,
        177,
        109,
        152,
        96,
        117,
        28,
        132,
        156,
        138,
        169,
        174,
        35,
        127,
        163,
        19,
        18,
        13,
        66,
        144,
        105,
        190,
        121,
        6,
        15,
        189,
        50,
        135,
        122,
        125,
        69,
        129,
        3,
        180,
        183,
        136,
        17,
        100
    ],
    "min_time": 47.17146325111389,
    "max_time": 47.396828413009644,
    "avg_time": 47.28345334529877,
    "min_number_of_local_search_runs": 268,
    "max_number_of_local_search_runs": 293,
    "avg_number_of_local_search_runs": 282.4
}