{
    "min_objective_function": 44761,
    "max_objective_function": 46409,
    "avg_objective_function": 45589.75,
    "best_solution_nodes": [
        33,
        34,
        109,
        131,
        36,
        179,
        10,
        6,
        114,
        104,
        0,
        140,
        31,
        142,
        16,
        11,
        190,
        29,
        168,
        5,
        130,
        55,
        137,
        77,
        138,
        38,
        111,
        156,
        62,
        188,
        22,
        165,
        175,
        1,
        166,
        187,
        159,
        95,
        147,
        89,
        8,
        124,
        117,
        143,
        194,
        103,
        195,
        106,
        28,
        121,
        144,
        21,
        70,
        180,
        26,
        141,
        63,
        51,
        78,
        13,
        139,
        61,
        113,
        135,
        81,
        127,
        122,
        176,
        82,
        169,
        3,
        47,
        99,
        160,
        197,
        183,
        191,
        153,
        132,
        24,
        193,
        40,
        145,
        149,
        35,
        18,
        163,
        73,
        45,
        133,
        27,
        177,
        86,
        185,
        80,
        198,
        42,
        90,
        54,
        60
    ],
    "min_time": 47.26036071777344,
    "max_time": 47.54301071166992,
    "avg_time": 47.39454790353775,
    "min_number_of_local_search_runs": 198,
    "max_number_of_local_search_runs": 222,
    "avg_number_of_local_search_runs": 209.5
}