{
    "min_objective_function": 44274,
    "max_objective_function": 45669,
    "avg_objective_function": 45098.05,
    "best_solution_nodes": [
        45,
        175,
        78,
        5,
        177,
        36,
        61,
        91,
        141,
        77,
        81,
        153,
        187,
        163,
        89,
        127,
        137,
        114,
        103,
        113,
        180,
        176,
        194,
        166,
        86,
        95,
        130,
        99,
        185,
        179,
        94,
        47,
        148,
        60,
        20,
        28,
        140,
        183,
        152,
        170,
        34,
        55,
        18,
        62,
        124,
        106,
        159,
        143,
        35,
        109,
        0,
        29,
        111,
        8,
        104,
        144,
        160,
        33,
        138,
        182,
        11,
        139,
        168,
        195,
        13,
        145,
        15,
        3,
        70,
        132,
        169,
        188,
        6,
        134,
        147,
        191,
        90,
        51,
        121,
        131,
        135,
        122,
        133,
        10,
        107,
        40,
        100,
        63,
        38,
        27,
        16,
        1,
        198,
        117,
        193,
        31,
        54,
        73,
        190,
        80
    ],
    "min_time": 53.71749544143677,
    "max_time": 54.63173818588257,
    "avg_time": 54.05202789306641,
    "min_number_of_main_loop_runs": 459,
    "max_number_of_main_loop_runs": 523,
    "avg_number_of_main_loop_runs": 483.85
}