{
    "min_objective_function": 43555,
    "max_objective_function": 44822,
    "avg_objective_function": 44050.1,
    "best_solution_nodes": [
        147,
        51,
        121,
        90,
        122,
        133,
        107,
        40,
        63,
        135,
        38,
        27,
        16,
        1,
        156,
        198,
        117,
        193,
        31,
        54,
        73,
        136,
        190,
        80,
        45,
        142,
        175,
        78,
        5,
        177,
        36,
        61,
        91,
        141,
        77,
        81,
        153,
        187,
        163,
        103,
        89,
        127,
        137,
        114,
        113,
        176,
        194,
        166,
        86,
        95,
        130,
        99,
        185,
        179,
        66,
        94,
        47,
        148,
        60,
        20,
        28,
        149,
        4,
        140,
        183,
        152,
        170,
        34,
        55,
        18,
        62,
        124,
        106,
        143,
        35,
        109,
        0,
        29,
        111,
        82,
        21,
        8,
        104,
        144,
        160,
        33,
        138,
        11,
        139,
        168,
        195,
        13,
        145,
        15,
        3,
        70,
        132,
        169,
        188,
        6
    ],
    "min_time": 53.5384578704834,
    "max_time": 54.183881521224976,
    "avg_time": 53.74601880311966,
    "min_number_of_main_loop_runs": 551,
    "max_number_of_main_loop_runs": 673,
    "avg_number_of_main_loop_runs": 637.7
}