{
    "min_objective_function": 43759,
    "max_objective_function": 45383,
    "avg_objective_function": 44453.95,
    "best_solution_nodes": [
        141,
        77,
        81,
        153,
        187,
        163,
        165,
        127,
        89,
        103,
        113,
        176,
        194,
        166,
        86,
        95,
        130,
        99,
        185,
        179,
        66,
        94,
        47,
        148,
        60,
        20,
        28,
        149,
        4,
        140,
        183,
        152,
        170,
        34,
        55,
        18,
        62,
        124,
        106,
        143,
        35,
        109,
        0,
        29,
        160,
        144,
        111,
        82,
        8,
        104,
        33,
        138,
        11,
        139,
        168,
        195,
        13,
        145,
        15,
        3,
        70,
        132,
        169,
        188,
        6,
        147,
        191,
        90,
        51,
        121,
        131,
        135,
        122,
        133,
        107,
        40,
        63,
        38,
        27,
        16,
        1,
        156,
        198,
        117,
        54,
        31,
        193,
        73,
        136,
        190,
        80,
        175,
        78,
        142,
        45,
        5,
        177,
        21,
        61,
        36
    ],
    "min_time": 51.471192359924316,
    "max_time": 55.08987736701965,
    "avg_time": 53.905549216270444,
    "min_number_of_main_loop_runs": 908,
    "max_number_of_main_loop_runs": 1331,
    "avg_number_of_main_loop_runs": 1095.65
}