{
    "min_objective_function": 46332,
    "max_objective_function": 48515,
    "avg_objective_function": 47593.1,
    "best_solution_nodes": [
        131,
        122,
        107,
        40,
        100,
        63,
        102,
        135,
        38,
        27,
        1,
        198,
        117,
        193,
        31,
        54,
        73,
        190,
        80,
        45,
        175,
        78,
        142,
        5,
        177,
        36,
        61,
        91,
        141,
        21,
        82,
        8,
        111,
        14,
        81,
        77,
        153,
        163,
        103,
        89,
        127,
        114,
        113,
        176,
        194,
        166,
        86,
        185,
        99,
        130,
        95,
        183,
        140,
        148,
        94,
        47,
        60,
        20,
        28,
        149,
        4,
        152,
        34,
        18,
        55,
        62,
        124,
        106,
        143,
        35,
        109,
        0,
        29,
        160,
        33,
        138,
        11,
        139,
        168,
        195,
        13,
        145,
        189,
        155,
        15,
        3,
        70,
        132,
        169,
        188,
        6,
        147,
        10,
        133,
        191,
        90,
        125,
        51,
        121,
        112
    ],
    "min_time": 53.59041905403137,
    "max_time": 54.30027508735657,
    "avg_time": 53.920390021801,
    "min_number_of_main_loop_runs": 122092,
    "max_number_of_main_loop_runs": 128467,
    "avg_number_of_main_loop_runs": 125280.5
}