{
    "min_objective_function": 52645,
    "max_objective_function": 61863,
    "avg_objective_function": 56038.715,
    "best_solution_nodes": [
        111,
        81,
        153,
        163,
        180,
        176,
        106,
        159,
        143,
        124,
        62,
        18,
        34,
        170,
        152,
        55,
        83,
        128,
        86,
        95,
        9,
        183,
        140,
        199,
        28,
        20,
        60,
        148,
        47,
        154,
        94,
        66,
        130,
        99,
        22,
        185,
        179,
        57,
        172,
        52,
        166,
        194,
        113,
        26,
        103,
        89,
        127,
        114,
        137,
        165,
        187,
        146,
        77,
        97,
        141,
        91,
        79,
        36,
        61,
        175,
        78,
        142,
        45,
        5,
        177,
        82,
        87,
        21,
        8,
        104,
        56,
        144,
        160,
        33,
        49,
        138,
        182,
        139,
        11,
        134,
        43,
        168,
        195,
        126,
        145,
        13,
        132,
        169,
        6,
        188,
        161,
        70,
        3,
        15,
        155,
        189,
        29,
        109,
        35,
        0
    ],
    "min_time": 0.42882871627807617,
    "max_time": 0.5312957763671875,
    "avg_time": 0.4439471113681793
}