{
    "min_objective_function": 62549,
    "max_objective_function": 71379,
    "avg_objective_function": 68411.72,
    "best_solution_nodes": [
        59,
        28,
        101,
        149,
        4,
        199,
        140,
        53,
        152,
        184,
        155,
        84,
        70,
        161,
        3,
        15,
        145,
        132,
        169,
        188,
        29,
        189,
        167,
        170,
        34,
        55,
        18,
        83,
        62,
        124,
        143,
        159,
        41,
        111,
        104,
        8,
        82,
        50,
        14,
        81,
        77,
        58,
        87,
        21,
        171,
        33,
        138,
        118,
        121,
        158,
        25,
        123,
        177,
        5,
        45,
        173,
        190,
        80,
        162,
        142,
        78,
        175,
        7,
        36,
        61,
        79,
        91,
        141,
        97,
        146,
        187,
        153,
        163,
        127,
        106,
        128,
        181,
        174,
        183,
        9,
        148,
        22,
        99,
        130,
        95,
        185,
        86,
        194,
        166,
        179,
        52,
        172,
        57,
        66,
        94,
        154,
        47,
        60,
        23,
        20
    ],
    "min_time": 0.42808008193969727,
    "max_time": 0.6395580768585205,
    "avg_time": 0.45096889495849607
}