{
    "min_objective_function": 60110,
    "max_objective_function": 70419,
    "avg_objective_function": 64564.855,
    "best_solution_nodes": [
        155,
        184,
        53,
        152,
        170,
        140,
        183,
        130,
        99,
        22,
        179,
        185,
        86,
        95,
        181,
        174,
        55,
        18,
        83,
        62,
        128,
        124,
        106,
        110,
        64,
        166,
        194,
        176,
        180,
        113,
        103,
        163,
        153,
        77,
        81,
        119,
        159,
        143,
        34,
        167,
        189,
        69,
        109,
        35,
        0,
        29,
        37,
        41,
        111,
        82,
        8,
        104,
        56,
        144,
        160,
        33,
        49,
        138,
        87,
        21,
        61,
        36,
        177,
        78,
        175,
        5,
        25,
        182,
        13,
        132,
        169,
        65,
        188,
        6,
        150,
        192,
        147,
        71,
        191,
        90,
        121,
        51,
        98,
        118,
        74,
        85,
        134,
        2,
        139,
        11,
        43,
        126,
        168,
        195,
        145,
        15,
        3,
        161,
        70,
        84
    ],
    "min_time": 0.4272916316986084,
    "max_time": 0.7717993259429932,
    "avg_time": 0.4486724698543549
}