{
    "min_objective_function": 46018,
    "max_objective_function": 51362,
    "avg_objective_function": 48104.985,
    "best_solution_nodes": [
        183,
        95,
        130,
        99,
        22,
        148,
        20,
        60,
        47,
        94,
        66,
        179,
        185,
        86,
        166,
        194,
        113,
        176,
        180,
        103,
        89,
        114,
        137,
        127,
        165,
        163,
        187,
        153,
        81,
        77,
        141,
        91,
        61,
        36,
        175,
        78,
        142,
        162,
        80,
        190,
        193,
        198,
        117,
        54,
        31,
        73,
        136,
        45,
        5,
        177,
        21,
        82,
        111,
        8,
        104,
        138,
        182,
        139,
        134,
        51,
        121,
        131,
        135,
        63,
        40,
        122,
        90,
        191,
        147,
        6,
        188,
        169,
        70,
        3,
        15,
        145,
        132,
        13,
        195,
        168,
        11,
        33,
        160,
        29,
        0,
        109,
        35,
        143,
        106,
        124,
        62,
        18,
        55,
        34,
        170,
        152,
        4,
        149,
        28,
        140
    ],
    "min_time": 10.174370288848877,
    "max_time": 12.521271705627441,
    "avg_time": 10.540573164224625
}