{
    "min_objective_function": 46648,
    "max_objective_function": 49364,
    "avg_objective_function": 47978.02,
    "best_solution_nodes": [
        147,
        191,
        90,
        122,
        133,
        10,
        107,
        40,
        100,
        63,
        135,
        131,
        121,
        51,
        134,
        139,
        11,
        182,
        138,
        33,
        160,
        144,
        104,
        8,
        82,
        21,
        177,
        5,
        45,
        136,
        73,
        31,
        54,
        117,
        198,
        193,
        190,
        80,
        162,
        142,
        78,
        175,
        36,
        61,
        91,
        141,
        77,
        97,
        187,
        165,
        127,
        89,
        103,
        113,
        194,
        166,
        179,
        66,
        94,
        47,
        148,
        60,
        20,
        28,
        22,
        99,
        185,
        86,
        95,
        130,
        183,
        140,
        152,
        170,
        34,
        55,
        18,
        62,
        124,
        106,
        176,
        163,
        153,
        81,
        111,
        0,
        35,
        109,
        29,
        168,
        195,
        145,
        15,
        3,
        70,
        13,
        132,
        169,
        188,
        6
    ],
    "min_time": 9.49126935005188,
    "max_time": 16.147300481796265,
    "avg_time": 9.766462918519974
}