{
    "min_objective_function": 70376,
    "max_objective_function": 75279,
    "avg_objective_function": 72571.805,
    "best_solution_nodes": [
        101,
        75,
        86,
        100,
        26,
        97,
        1,
        152,
        2,
        129,
        92,
        57,
        55,
        52,
        179,
        145,
        78,
        120,
        44,
        25,
        16,
        171,
        175,
        113,
        31,
        196,
        81,
        40,
        185,
        106,
        178,
        14,
        165,
        90,
        27,
        164,
        7,
        21,
        144,
        49,
        102,
        62,
        9,
        148,
        124,
        94,
        63,
        79,
        80,
        176,
        137,
        23,
        89,
        183,
        143,
        0,
        117,
        93,
        140,
        108,
        18,
        22,
        146,
        34,
        160,
        48,
        54,
        177,
        10,
        190,
        4,
        112,
        84,
        184,
        43,
        42,
        181,
        159,
        193,
        41,
        139,
        68,
        46,
        115,
        116,
        65,
        59,
        118,
        51,
        151,
        133,
        162,
        123,
        127,
        70,
        135,
        154,
        180,
        53,
        121
    ],
    "min_time": 4.442276239395142,
    "max_time": 5.881110429763794,
    "avg_time": 4.956562049388886
}