{
    "min_objective_function": 70308,
    "max_objective_function": 75769,
    "avg_objective_function": 72156.685,
    "best_solution_nodes": [
        46,
        68,
        139,
        41,
        193,
        159,
        22,
        146,
        181,
        34,
        160,
        48,
        54,
        177,
        10,
        190,
        4,
        112,
        84,
        184,
        131,
        149,
        65,
        116,
        43,
        42,
        115,
        59,
        118,
        51,
        137,
        176,
        80,
        63,
        79,
        133,
        151,
        162,
        123,
        127,
        70,
        135,
        154,
        180,
        53,
        94,
        26,
        100,
        86,
        75,
        101,
        1,
        97,
        152,
        2,
        129,
        120,
        44,
        25,
        145,
        78,
        16,
        171,
        175,
        113,
        56,
        31,
        196,
        81,
        90,
        165,
        119,
        40,
        185,
        179,
        92,
        57,
        55,
        52,
        106,
        178,
        49,
        14,
        144,
        102,
        62,
        9,
        148,
        15,
        186,
        23,
        89,
        183,
        143,
        0,
        117,
        93,
        140,
        108,
        18
    ],
    "min_time": 2.420175790786743,
    "max_time": 2.754837989807129,
    "avg_time": 2.5393621170520784
}