{
    "min_objective_function": 69587,
    "max_objective_function": 75833,
    "avg_objective_function": 71904.825,
    "best_solution_nodes": [
        145,
        78,
        31,
        16,
        171,
        175,
        113,
        56,
        196,
        81,
        90,
        165,
        119,
        40,
        185,
        55,
        52,
        106,
        178,
        14,
        49,
        102,
        144,
        62,
        9,
        148,
        124,
        94,
        63,
        79,
        80,
        176,
        137,
        23,
        186,
        89,
        183,
        143,
        0,
        117,
        93,
        140,
        108,
        18,
        22,
        146,
        181,
        34,
        160,
        48,
        54,
        177,
        10,
        190,
        4,
        112,
        84,
        184,
        35,
        131,
        149,
        65,
        116,
        43,
        42,
        159,
        193,
        41,
        139,
        46,
        115,
        59,
        118,
        51,
        151,
        133,
        162,
        123,
        127,
        70,
        135,
        154,
        180,
        53,
        100,
        26,
        86,
        75,
        101,
        1,
        97,
        152,
        2,
        120,
        44,
        25,
        129,
        92,
        57,
        179
    ],
    "min_time": 6.654473543167114,
    "max_time": 12.591526746749878,
    "avg_time": 9.76331176996231
}