{
    "min_objective_function": 72789,
    "max_objective_function": 75451,
    "avg_objective_function": 74315.45,
    "best_solution_nodes": [
        90,
        27,
        164,
        7,
        21,
        144,
        14,
        178,
        106,
        52,
        55,
        57,
        49,
        102,
        62,
        9,
        148,
        124,
        94,
        180,
        63,
        80,
        176,
        79,
        133,
        151,
        51,
        59,
        118,
        137,
        23,
        186,
        183,
        143,
        0,
        46,
        115,
        68,
        117,
        93,
        140,
        108,
        18,
        139,
        193,
        41,
        159,
        22,
        146,
        181,
        42,
        43,
        116,
        65,
        149,
        131,
        184,
        160,
        34,
        48,
        54,
        10,
        177,
        190,
        4,
        112,
        123,
        162,
        127,
        70,
        135,
        154,
        53,
        100,
        26,
        86,
        75,
        101,
        1,
        97,
        152,
        2,
        120,
        44,
        25,
        129,
        92,
        145,
        78,
        16,
        171,
        175,
        113,
        56,
        31,
        196,
        185,
        40,
        119,
        165
    ],
    "min_time": 47.02044081687927,
    "max_time": 47.97820711135864,
    "avg_time": 47.47932620048523,
    "min_number_of_main_loop_runs": 51,
    "max_number_of_main_loop_runs": 77,
    "avg_number_of_main_loop_runs": 59.5
}