{
    "min_objective_function": 71061,
    "max_objective_function": 73491,
    "avg_objective_function": 71954.6,
    "best_solution_nodes": [
        159,
        193,
        41,
        42,
        181,
        34,
        160,
        48,
        54,
        177,
        10,
        190,
        4,
        112,
        84,
        184,
        43,
        116,
        65,
        118,
        59,
        149,
        123,
        127,
        70,
        135,
        162,
        151,
        133,
        180,
        154,
        53,
        63,
        79,
        80,
        176,
        51,
        137,
        148,
        124,
        94,
        26,
        100,
        86,
        75,
        101,
        1,
        97,
        152,
        2,
        120,
        44,
        25,
        78,
        31,
        16,
        171,
        175,
        113,
        56,
        196,
        81,
        90,
        165,
        119,
        40,
        185,
        179,
        145,
        92,
        129,
        57,
        55,
        52,
        106,
        178,
        14,
        49,
        102,
        144,
        62,
        9,
        15,
        186,
        23,
        89,
        183,
        143,
        117,
        0,
        46,
        115,
        139,
        68,
        93,
        140,
        108,
        18,
        22,
        146
    ],
    "min_time": 47.00473213195801,
    "max_time": 48.111332654953,
    "avg_time": 47.51706372499466,
    "min_number_of_main_loop_runs": 42,
    "max_number_of_main_loop_runs": 51,
    "avg_number_of_main_loop_runs": 47.8
}