{
    "min_objective_function": 70523,
    "max_objective_function": 76169,
    "avg_objective_function": 72829.39,
    "best_solution_nodes": [
        148,
        94,
        63,
        79,
        133,
        151,
        162,
        59,
        118,
        51,
        80,
        176,
        137,
        23,
        186,
        89,
        183,
        143,
        0,
        117,
        93,
        140,
        68,
        46,
        139,
        108,
        18,
        22,
        159,
        193,
        41,
        115,
        116,
        65,
        43,
        42,
        181,
        34,
        160,
        48,
        54,
        177,
        10,
        190,
        4,
        112,
        84,
        184,
        131,
        149,
        123,
        127,
        70,
        135,
        154,
        180,
        53,
        26,
        97,
        152,
        1,
        101,
        86,
        75,
        2,
        120,
        44,
        16,
        171,
        175,
        113,
        56,
        31,
        81,
        196,
        179,
        145,
        78,
        25,
        129,
        92,
        57,
        55,
        52,
        185,
        40,
        165,
        90,
        27,
        164,
        7,
        21,
        144,
        14,
        106,
        178,
        49,
        102,
        62,
        9
    ],
    "min_time": 0.5100452899932861,
    "max_time": 0.7722949981689453,
    "avg_time": 0.6131819212436675
}