{
    "min_objective_function": 71105,
    "max_objective_function": 76394,
    "avg_objective_function": 73740.77,
    "best_solution_nodes": [
        152,
        94,
        124,
        148,
        9,
        62,
        15,
        186,
        23,
        137,
        89,
        183,
        0,
        143,
        117,
        93,
        140,
        108,
        18,
        68,
        46,
        115,
        139,
        41,
        193,
        159,
        22,
        146,
        34,
        160,
        42,
        43,
        184,
        54,
        177,
        10,
        190,
        4,
        112,
        127,
        70,
        135,
        133,
        151,
        162,
        123,
        149,
        131,
        65,
        116,
        59,
        118,
        51,
        176,
        80,
        79,
        63,
        154,
        180,
        53,
        100,
        26,
        86,
        75,
        101,
        97,
        1,
        2,
        120,
        44,
        25,
        78,
        145,
        31,
        16,
        171,
        175,
        113,
        56,
        196,
        81,
        40,
        185,
        165,
        90,
        27,
        164,
        7,
        21,
        144,
        102,
        49,
        14,
        178,
        106,
        52,
        55,
        57,
        92,
        129
    ],
    "min_time": 4.1866819858551025,
    "max_time": 6.418686866760254,
    "avg_time": 4.632063496112823
}