{
    "min_objective_function": 69831,
    "max_objective_function": 75472,
    "avg_objective_function": 72095.855,
    "best_solution_nodes": [
        65,
        116,
        43,
        42,
        41,
        193,
        159,
        22,
        146,
        181,
        34,
        160,
        48,
        54,
        177,
        10,
        190,
        4,
        112,
        127,
        70,
        135,
        154,
        180,
        53,
        100,
        26,
        86,
        75,
        101,
        1,
        97,
        152,
        2,
        120,
        44,
        25,
        16,
        171,
        175,
        113,
        56,
        31,
        196,
        81,
        90,
        165,
        119,
        40,
        185,
        179,
        145,
        78,
        92,
        129,
        57,
        55,
        52,
        106,
        178,
        14,
        144,
        49,
        102,
        62,
        9,
        148,
        124,
        94,
        63,
        79,
        80,
        176,
        137,
        23,
        186,
        89,
        183,
        143,
        0,
        117,
        93,
        140,
        108,
        18,
        69,
        139,
        68,
        46,
        115,
        59,
        118,
        51,
        151,
        133,
        162,
        123,
        149,
        131,
        184
    ],
    "min_time": 0.9455776214599609,
    "max_time": 1.179621934890747,
    "avg_time": 1.0458499312400817
}