{
    "min_objective_function": 71086,
    "max_objective_function": 73345,
    "avg_objective_function": 72275.15,
    "best_solution_nodes": [
        149,
        123,
        162,
        151,
        133,
        180,
        154,
        135,
        70,
        127,
        112,
        4,
        84,
        184,
        190,
        10,
        177,
        54,
        48,
        160,
        34,
        181,
        42,
        43,
        65,
        116,
        115,
        46,
        68,
        139,
        41,
        193,
        159,
        22,
        18,
        108,
        140,
        93,
        117,
        0,
        143,
        183,
        89,
        23,
        137,
        186,
        15,
        148,
        9,
        62,
        144,
        21,
        7,
        164,
        27,
        90,
        81,
        56,
        113,
        175,
        171,
        16,
        31,
        196,
        185,
        40,
        165,
        14,
        49,
        178,
        106,
        52,
        55,
        179,
        145,
        78,
        25,
        44,
        120,
        92,
        57,
        129,
        2,
        152,
        97,
        1,
        101,
        75,
        86,
        26,
        100,
        53,
        94,
        63,
        79,
        80,
        176,
        51,
        118,
        59
    ],
    "min_time": 47.061368465423584,
    "max_time": 48.4430832862854,
    "avg_time": 47.64038189649582,
    "min_number_of_main_loop_runs": 30,
    "max_number_of_main_loop_runs": 31,
    "avg_number_of_main_loop_runs": 30.1
}