{
    "min_objective_function": 70280,
    "max_objective_function": 74147,
    "avg_objective_function": 72123.2,
    "best_solution_nodes": [
        113,
        175,
        171,
        16,
        31,
        81,
        90,
        165,
        119,
        40,
        185,
        196,
        179,
        145,
        92,
        129,
        57,
        55,
        52,
        106,
        178,
        14,
        144,
        49,
        102,
        62,
        9,
        148,
        124,
        94,
        63,
        79,
        133,
        151,
        59,
        118,
        51,
        80,
        176,
        137,
        23,
        186,
        89,
        183,
        143,
        0,
        117,
        93,
        140,
        68,
        46,
        139,
        41,
        193,
        159,
        69,
        108,
        18,
        22,
        146,
        181,
        34,
        160,
        48,
        54,
        177,
        10,
        190,
        4,
        112,
        84,
        184,
        43,
        42,
        115,
        116,
        65,
        131,
        149,
        162,
        123,
        127,
        70,
        135,
        154,
        180,
        53,
        100,
        26,
        86,
        75,
        101,
        1,
        97,
        152,
        2,
        120,
        44,
        25,
        78
    ],
    "min_time": 47.019309520721436,
    "max_time": 48.32802414894104,
    "avg_time": 47.79239572286606,
    "min_number_of_main_loop_runs": 36,
    "max_number_of_main_loop_runs": 40,
    "avg_number_of_main_loop_runs": 37.8
}