{
    "min_objective_function": 70010,
    "max_objective_function": 74871,
    "avg_objective_function": 72051.405,
    "best_solution_nodes": [
        51,
        118,
        59,
        115,
        46,
        139,
        41,
        193,
        159,
        42,
        43,
        116,
        65,
        149,
        131,
        35,
        84,
        112,
        4,
        190,
        10,
        177,
        54,
        184,
        160,
        34,
        181,
        146,
        22,
        18,
        108,
        140,
        93,
        117,
        0,
        143,
        183,
        89,
        23,
        137,
        176,
        80,
        79,
        63,
        94,
        124,
        148,
        9,
        62,
        102,
        49,
        14,
        144,
        21,
        7,
        164,
        27,
        90,
        81,
        31,
        113,
        175,
        171,
        16,
        78,
        145,
        179,
        196,
        40,
        165,
        185,
        106,
        178,
        52,
        55,
        57,
        92,
        129,
        25,
        44,
        120,
        2,
        152,
        97,
        1,
        101,
        75,
        86,
        26,
        100,
        53,
        180,
        154,
        135,
        70,
        127,
        123,
        162,
        133,
        151
    ],
    "min_time": 7.2932233810424805,
    "max_time": 9.326028823852539,
    "avg_time": 8.031671876907348
}