{
    "min_objective_function": 70154,
    "max_objective_function": 75120,
    "avg_objective_function": 72082.87,
    "best_solution_nodes": [
        148,
        9,
        62,
        144,
        102,
        49,
        14,
        178,
        106,
        52,
        55,
        57,
        129,
        92,
        78,
        145,
        179,
        196,
        185,
        40,
        119,
        165,
        39,
        27,
        90,
        81,
        31,
        56,
        113,
        175,
        171,
        16,
        25,
        44,
        120,
        2,
        152,
        97,
        1,
        101,
        75,
        86,
        26,
        100,
        53,
        180,
        154,
        70,
        135,
        162,
        133,
        151,
        51,
        118,
        59,
        115,
        46,
        139,
        193,
        41,
        42,
        43,
        116,
        65,
        131,
        149,
        123,
        127,
        112,
        4,
        84,
        184,
        190,
        10,
        177,
        54,
        48,
        160,
        34,
        181,
        159,
        146,
        22,
        18,
        108,
        140,
        93,
        117,
        0,
        143,
        183,
        89,
        186,
        23,
        137,
        176,
        80,
        79,
        63,
        94
    ],
    "min_time": 7.159603834152222,
    "max_time": 13.103955268859863,
    "avg_time": 9.706367545127868
}