{
    "min_objective_function": 70118,
    "max_objective_function": 74718,
    "avg_objective_function": 72113.72,
    "best_solution_nodes": [
        43,
        184,
        84,
        112,
        4,
        190,
        10,
        177,
        54,
        48,
        160,
        34,
        181,
        42,
        41,
        193,
        159,
        22,
        18,
        108,
        139,
        115,
        46,
        68,
        140,
        93,
        117,
        0,
        143,
        183,
        89,
        186,
        23,
        137,
        176,
        80,
        51,
        118,
        59,
        116,
        65,
        162,
        151,
        133,
        79,
        63,
        94,
        124,
        148,
        9,
        62,
        144,
        21,
        7,
        164,
        27,
        90,
        81,
        196,
        185,
        40,
        165,
        14,
        49,
        178,
        106,
        52,
        55,
        57,
        92,
        179,
        145,
        78,
        31,
        113,
        175,
        171,
        16,
        25,
        44,
        120,
        129,
        2,
        152,
        97,
        1,
        101,
        75,
        86,
        26,
        100,
        53,
        180,
        154,
        135,
        70,
        127,
        123,
        149,
        131
    ],
    "min_time": 7.908396244049072,
    "max_time": 12.67029857635498,
    "avg_time": 10.385748364925384
}