{
    "min_objective_function": 70589,
    "max_objective_function": 75357,
    "avg_objective_function": 72309.4,
    "best_solution_nodes": [
        108,
        18,
        22,
        159,
        193,
        41,
        139,
        68,
        46,
        115,
        42,
        181,
        34,
        160,
        48,
        54,
        177,
        10,
        190,
        4,
        112,
        84,
        184,
        43,
        116,
        65,
        59,
        118,
        51,
        151,
        162,
        123,
        127,
        70,
        135,
        133,
        79,
        63,
        180,
        154,
        53,
        100,
        26,
        86,
        75,
        101,
        1,
        97,
        152,
        2,
        129,
        120,
        44,
        25,
        78,
        145,
        31,
        16,
        171,
        175,
        113,
        56,
        196,
        81,
        40,
        185,
        179,
        92,
        57,
        55,
        52,
        106,
        178,
        49,
        14,
        165,
        90,
        27,
        164,
        7,
        21,
        144,
        102,
        62,
        9,
        148,
        124,
        94,
        80,
        176,
        137,
        23,
        186,
        89,
        183,
        143,
        0,
        117,
        93,
        140
    ],
    "min_time": 0.7422471046447754,
    "max_time": 0.9920756816864014,
    "avg_time": 0.8463297247886657
}