{
    "min_objective_function": 69783,
    "max_objective_function": 75530,
    "avg_objective_function": 71969.335,
    "best_solution_nodes": [
        65,
        116,
        43,
        42,
        115,
        139,
        41,
        193,
        159,
        69,
        108,
        18,
        22,
        146,
        181,
        34,
        160,
        48,
        54,
        177,
        10,
        190,
        4,
        112,
        84,
        184,
        131,
        149,
        123,
        127,
        70,
        135,
        154,
        180,
        53,
        100,
        26,
        86,
        75,
        101,
        1,
        97,
        152,
        2,
        129,
        92,
        57,
        55,
        52,
        179,
        145,
        78,
        120,
        44,
        25,
        16,
        171,
        175,
        113,
        56,
        31,
        196,
        81,
        90,
        165,
        40,
        185,
        106,
        178,
        14,
        49,
        102,
        144,
        62,
        9,
        148,
        124,
        94,
        63,
        79,
        133,
        162,
        151,
        80,
        176,
        137,
        23,
        186,
        89,
        183,
        143,
        0,
        117,
        93,
        140,
        68,
        46,
        51,
        118,
        59
    ],
    "min_time": 1.1920921802520752,
    "max_time": 1.4612178802490234,
    "avg_time": 1.3210071456432342
}