{
    "min_objective_function": 71878,
    "max_objective_function": 77854,
    "avg_objective_function": 74316.25,
    "best_solution_nodes": [
        113,
        175,
        171,
        16,
        31,
        157,
        81,
        196,
        179,
        145,
        78,
        25,
        44,
        120,
        129,
        92,
        57,
        2,
        152,
        97,
        1,
        101,
        75,
        86,
        100,
        26,
        53,
        180,
        154,
        70,
        135,
        162,
        123,
        127,
        112,
        4,
        84,
        177,
        10,
        190,
        54,
        184,
        131,
        149,
        65,
        116,
        43,
        42,
        181,
        160,
        34,
        146,
        22,
        159,
        18,
        69,
        108,
        140,
        93,
        68,
        139,
        193,
        41,
        115,
        46,
        117,
        0,
        143,
        183,
        89,
        23,
        186,
        137,
        80,
        176,
        51,
        118,
        59,
        151,
        133,
        79,
        63,
        94,
        124,
        148,
        9,
        62,
        102,
        49,
        144,
        14,
        106,
        178,
        52,
        55,
        185,
        165,
        40,
        119,
        90
    ],
    "min_time": 0.49558329582214355,
    "max_time": 0.9951274394989014,
    "avg_time": 0.6051820921897888
}