{
    "min_objective_function": 70569,
    "max_objective_function": 75012,
    "avg_objective_function": 71919.6,
    "best_solution_nodes": [
        65,
        116,
        43,
        42,
        41,
        193,
        159,
        22,
        146,
        181,
        34,
        160,
        48,
        54,
        177,
        10,
        190,
        184,
        84,
        4,
        112,
        123,
        127,
        70,
        135,
        162,
        151,
        59,
        118,
        51,
        176,
        80,
        94,
        63,
        79,
        133,
        180,
        154,
        53,
        100,
        26,
        86,
        75,
        101,
        1,
        97,
        152,
        2,
        120,
        44,
        25,
        78,
        31,
        16,
        171,
        175,
        113,
        81,
        196,
        179,
        145,
        92,
        129,
        57,
        55,
        52,
        178,
        106,
        185,
        40,
        165,
        90,
        27,
        164,
        7,
        21,
        144,
        14,
        49,
        102,
        62,
        9,
        148,
        15,
        186,
        137,
        23,
        89,
        183,
        143,
        0,
        117,
        93,
        140,
        108,
        18,
        139,
        68,
        46,
        115
    ],
    "min_time": 47.007508277893066,
    "max_time": 50.07173705101013,
    "avg_time": 48.54162533283234,
    "min_number_of_main_loop_runs": 11,
    "max_number_of_main_loop_runs": 19,
    "avg_number_of_main_loop_runs": 16.0
}