{
    "min_objective_function": 71557,
    "max_objective_function": 74375,
    "avg_objective_function": 72777.7,
    "best_solution_nodes": [
        42,
        115,
        46,
        68,
        139,
        18,
        108,
        140,
        93,
        117,
        0,
        143,
        183,
        89,
        23,
        186,
        144,
        14,
        21,
        7,
        164,
        27,
        90,
        165,
        40,
        185,
        106,
        178,
        49,
        102,
        62,
        9,
        148,
        167,
        52,
        55,
        57,
        129,
        92,
        179,
        196,
        81,
        31,
        113,
        175,
        171,
        16,
        78,
        145,
        25,
        44,
        120,
        2,
        152,
        97,
        1,
        101,
        75,
        86,
        26,
        100,
        53,
        94,
        63,
        79,
        80,
        176,
        137,
        51,
        118,
        59,
        65,
        116,
        43,
        131,
        149,
        162,
        151,
        133,
        180,
        154,
        135,
        70,
        127,
        123,
        112,
        4,
        190,
        10,
        177,
        54,
        184,
        160,
        34,
        181,
        146,
        22,
        159,
        41,
        193
    ],
    "min_time": 47.00524139404297,
    "max_time": 47.715967655181885,
    "avg_time": 47.321361899375916,
    "min_number_of_main_loop_runs": 49,
    "max_number_of_main_loop_runs": 75,
    "avg_number_of_main_loop_runs": 56.75
}