{
    "min_objective_function": 72330,
    "max_objective_function": 74375,
    "avg_objective_function": 73164.35,
    "best_solution_nodes": [
        116,
        43,
        105,
        65,
        47,
        149,
        131,
        184,
        48,
        160,
        34,
        54,
        177,
        10,
        190,
        84,
        4,
        112,
        127,
        70,
        154,
        53,
        180,
        135,
        123,
        162,
        151,
        59,
        118,
        51,
        176,
        80,
        133,
        79,
        63,
        94,
        26,
        100,
        86,
        101,
        75,
        1,
        97,
        152,
        2,
        120,
        44,
        25,
        16,
        171,
        175,
        113,
        31,
        78,
        145,
        92,
        129,
        57,
        55,
        52,
        179,
        196,
        81,
        90,
        165,
        40,
        185,
        106,
        178,
        49,
        14,
        144,
        102,
        62,
        9,
        148,
        137,
        89,
        183,
        143,
        117,
        0,
        46,
        198,
        139,
        68,
        93,
        140,
        108,
        69,
        18,
        22,
        146,
        181,
        159,
        193,
        41,
        115,
        5,
        42
    ],
    "min_time": 50.619171380996704,
    "max_time": 50.83631682395935,
    "avg_time": 50.75351721048355,
    "min_number_of_main_loop_runs": 229341,
    "max_number_of_main_loop_runs": 236612,
    "avg_number_of_main_loop_runs": 233518.55
}