{
    "min_objective_function": 70041,
    "max_objective_function": 71706,
    "avg_objective_function": 70913.9,
    "best_solution_nodes": [
        185,
        40,
        119,
        165,
        27,
        90,
        81,
        196,
        145,
        78,
        31,
        56,
        113,
        175,
        171,
        16,
        25,
        44,
        120,
        2,
        152,
        97,
        1,
        101,
        75,
        86,
        26,
        100,
        121,
        53,
        180,
        154,
        135,
        70,
        127,
        123,
        162,
        133,
        151,
        51,
        118,
        59,
        149,
        184,
        84,
        112,
        4,
        190,
        10,
        177,
        54,
        48,
        160,
        34,
        181,
        42,
        5,
        43,
        65,
        116,
        115,
        139,
        41,
        193,
        159,
        195,
        146,
        22,
        18,
        108,
        68,
        46,
        0,
        117,
        143,
        183,
        89,
        186,
        23,
        137,
        176,
        80,
        79,
        63,
        94,
        124,
        148,
        9,
        62,
        144,
        14,
        49,
        178,
        106,
        52,
        55,
        57,
        129,
        92,
        179
    ],
    "min_time": 50.710521936416626,
    "max_time": 54.075995206832886,
    "avg_time": 51.95099235773087,
    "min_number_of_main_loop_runs": 627,
    "max_number_of_main_loop_runs": 1073,
    "avg_number_of_main_loop_runs": 891.8
}