{
    "min_objective_function": 70082,
    "max_objective_function": 70996,
    "avg_objective_function": 70631.9,
    "best_solution_nodes": [
        119,
        40,
        81,
        196,
        179,
        92,
        129,
        57,
        145,
        78,
        31,
        56,
        113,
        175,
        171,
        16,
        25,
        44,
        120,
        2,
        75,
        86,
        101,
        1,
        97,
        152,
        26,
        100,
        53,
        154,
        180,
        63,
        79,
        133,
        135,
        70,
        127,
        123,
        162,
        151,
        51,
        118,
        59,
        65,
        116,
        43,
        42,
        184,
        35,
        84,
        112,
        4,
        190,
        10,
        177,
        54,
        48,
        160,
        34,
        181,
        146,
        22,
        18,
        108,
        69,
        159,
        193,
        41,
        139,
        115,
        46,
        68,
        140,
        93,
        117,
        0,
        143,
        183,
        89,
        186,
        23,
        137,
        176,
        80,
        94,
        124,
        148,
        9,
        62,
        102,
        144,
        14,
        49,
        178,
        106,
        52,
        55,
        185,
        165,
        90
    ],
    "min_time": 51.36104917526245,
    "max_time": 51.686949491500854,
    "avg_time": 51.5350844502449,
    "min_number_of_main_loop_runs": 2033,
    "max_number_of_main_loop_runs": 2689,
    "avg_number_of_main_loop_runs": 2348.5
}