{
    "min_objective_function": 69424,
    "max_objective_function": 70688,
    "avg_objective_function": 70169.5,
    "best_solution_nodes": [
        185,
        40,
        119,
        165,
        90,
        81,
        196,
        145,
        78,
        31,
        56,
        113,
        175,
        171,
        16,
        25,
        44,
        120,
        129,
        2,
        75,
        101,
        1,
        152,
        97,
        26,
        100,
        86,
        53,
        180,
        154,
        135,
        70,
        127,
        123,
        162,
        133,
        151,
        51,
        118,
        59,
        65,
        149,
        131,
        184,
        84,
        112,
        4,
        190,
        10,
        177,
        54,
        48,
        160,
        34,
        181,
        42,
        43,
        116,
        115,
        46,
        68,
        139,
        41,
        193,
        159,
        146,
        22,
        18,
        108,
        140,
        93,
        117,
        0,
        143,
        183,
        89,
        186,
        23,
        137,
        176,
        80,
        79,
        63,
        94,
        124,
        148,
        9,
        62,
        144,
        102,
        49,
        14,
        178,
        106,
        52,
        55,
        57,
        92,
        179
    ],
    "min_time": 51.253759145736694,
    "max_time": 53.659029960632324,
    "avg_time": 51.88801019191742,
    "min_number_of_main_loop_runs": 779,
    "max_number_of_main_loop_runs": 1148,
    "avg_number_of_main_loop_runs": 1043.6
}