{
    "min_objective_function": 70115,
    "max_objective_function": 74626,
    "avg_objective_function": 71568.85,
    "best_solution_nodes": [
        108,
        18,
        22,
        159,
        193,
        41,
        139,
        68,
        46,
        115,
        59,
        118,
        51,
        176,
        80,
        63,
        79,
        133,
        151,
        162,
        149,
        131,
        65,
        116,
        43,
        42,
        181,
        34,
        160,
        48,
        54,
        177,
        10,
        190,
        184,
        84,
        4,
        112,
        123,
        127,
        70,
        135,
        154,
        180,
        53,
        100,
        26,
        97,
        1,
        101,
        86,
        75,
        120,
        44,
        25,
        31,
        56,
        113,
        175,
        171,
        16,
        78,
        145,
        57,
        55,
        52,
        106,
        178,
        49,
        102,
        62,
        9,
        148,
        124,
        94,
        152,
        2,
        129,
        92,
        179,
        196,
        81,
        90,
        165,
        40,
        185,
        138,
        14,
        144,
        15,
        186,
        137,
        23,
        89,
        183,
        143,
        0,
        117,
        93,
        140
    ],
    "min_time": 47.01837372779846,
    "max_time": 47.06954288482666,
    "avg_time": 47.04112937450409,
    "min_number_of_main_loop_runs": 797,
    "max_number_of_main_loop_runs": 814,
    "avg_number_of_main_loop_runs": 806.8
}