{
    "min_objective_function": 69230,
    "max_objective_function": 70258,
    "avg_objective_function": 69774.65,
    "best_solution_nodes": [
        159,
        193,
        41,
        139,
        115,
        46,
        68,
        140,
        93,
        117,
        0,
        143,
        183,
        89,
        186,
        23,
        137,
        176,
        80,
        79,
        63,
        94,
        124,
        148,
        9,
        62,
        102,
        144,
        14,
        49,
        178,
        106,
        52,
        55,
        185,
        40,
        119,
        165,
        90,
        81,
        196,
        31,
        56,
        113,
        175,
        171,
        16,
        78,
        145,
        179,
        57,
        92,
        129,
        25,
        44,
        120,
        2,
        152,
        97,
        1,
        101,
        75,
        86,
        26,
        100,
        53,
        180,
        154,
        135,
        70,
        127,
        123,
        162,
        133,
        151,
        51,
        118,
        59,
        65,
        116,
        43,
        42,
        184,
        35,
        84,
        112,
        4,
        190,
        10,
        177,
        54,
        48,
        160,
        34,
        181,
        146,
        22,
        18,
        69,
        108
    ],
    "min_time": 47.20660352706909,
    "max_time": 47.32000160217285,
    "avg_time": 47.26207216978073,
    "min_number_of_main_loop_runs": 592,
    "max_number_of_main_loop_runs": 622,
    "avg_number_of_main_loop_runs": 613.05
}