{
    "min_objective_function": 70482,
    "max_objective_function": 72280,
    "avg_objective_function": 71656.1,
    "best_solution_nodes": [
        78,
        171,
        148,
        79,
        182,
        145,
        31,
        126,
        2,
        180,
        152,
        165,
        40,
        179,
        91,
        168,
        189,
        38,
        57,
        92,
        199,
        144,
        23,
        128,
        60,
        150,
        32,
        186,
        166,
        33,
        115,
        87,
        110,
        45,
        175,
        183,
        173,
        10,
        0,
        1,
        94,
        19,
        68,
        143,
        117,
        170,
        41,
        97,
        90,
        159,
        63,
        64,
        136,
        85,
        160,
        53,
        47,
        161,
        139,
        138,
        127,
        65,
        198,
        42,
        89,
        76,
        125,
        6,
        69,
        16,
        118,
        102,
        164,
        176,
        18,
        124,
        37,
        61,
        62,
        27,
        15,
        81,
        155,
        129,
        77,
        25,
        17,
        181,
        48,
        123,
        26,
        109,
        116,
        88,
        7,
        100,
        59,
        196,
        14,
        44
    ],
    "min_time": 47.19531273841858,
    "max_time": 47.35370945930481,
    "avg_time": 47.2735081076622,
    "min_number_of_local_search_runs": 273,
    "max_number_of_local_search_runs": 304,
    "avg_number_of_local_search_runs": 289.5
}