{
    "min_objective_function": 69259,
    "max_objective_function": 70321,
    "avg_objective_function": 69498.05,
    "best_solution_nodes": [
        193,
        159,
        146,
        22,
        18,
        108,
        140,
        93,
        117,
        0,
        143,
        183,
        89,
        186,
        23,
        137,
        176,
        80,
        79,
        63,
        94,
        124,
        148,
        9,
        62,
        102,
        144,
        14,
        49,
        178,
        106,
        52,
        55,
        185,
        40,
        165,
        90,
        81,
        196,
        179,
        57,
        129,
        92,
        145,
        78,
        31,
        56,
        113,
        175,
        171,
        16,
        25,
        44,
        120,
        2,
        152,
        97,
        1,
        101,
        75,
        86,
        26,
        100,
        121,
        53,
        180,
        154,
        135,
        70,
        127,
        123,
        112,
        4,
        84,
        184,
        190,
        10,
        177,
        54,
        48,
        160,
        34,
        181,
        42,
        43,
        116,
        65,
        131,
        149,
        162,
        133,
        151,
        51,
        118,
        59,
        115,
        46,
        68,
        139,
        41
    ],
    "min_time": 47.20724821090698,
    "max_time": 47.273674726486206,
    "avg_time": 47.24471681118011,
    "min_number_of_local_search_runs": 815,
    "max_number_of_local_search_runs": 951,
    "avg_number_of_local_search_runs": 901.75
}