{
    "min_objective_function": 71458,
    "max_objective_function": 72825,
    "avg_objective_function": 72324.85,
    "best_solution_nodes": [
        184,
        160,
        48,
        54,
        30,
        34,
        103,
        146,
        181,
        42,
        43,
        116,
        65,
        162,
        151,
        51,
        118,
        59,
        115,
        46,
        198,
        139,
        193,
        41,
        159,
        22,
        18,
        69,
        108,
        140,
        93,
        117,
        0,
        143,
        183,
        89,
        23,
        137,
        176,
        80,
        79,
        133,
        63,
        94,
        124,
        148,
        9,
        62,
        144,
        49,
        14,
        3,
        178,
        106,
        52,
        55,
        185,
        40,
        119,
        165,
        90,
        81,
        196,
        179,
        57,
        92,
        145,
        31,
        56,
        113,
        171,
        175,
        16,
        78,
        25,
        44,
        120,
        82,
        129,
        2,
        152,
        97,
        101,
        1,
        75,
        86,
        26,
        100,
        53,
        158,
        180,
        154,
        135,
        70,
        127,
        123,
        112,
        4,
        177,
        10
    ],
    "min_time": 42.776203632354736,
    "max_time": 53.01117014884949,
    "avg_time": 47.48636322021484
}