{
    "min_objective_function": 70760,
    "max_objective_function": 72079,
    "avg_objective_function": 71369.1,
    "best_solution_nodes": [
        56,
        42,
        177,
        123,
        80,
        117,
        26,
        49,
        101,
        9,
        89,
        86,
        44,
        154,
        84,
        31,
        94,
        25,
        78,
        157,
        65,
        4,
        183,
        193,
        148,
        145,
        75,
        121,
        146,
        152,
        16,
        190,
        149,
        165,
        62,
        90,
        137,
        196,
        171,
        100,
        129,
        175,
        162,
        139,
        55,
        185,
        120,
        54,
        23,
        112,
        151,
        102,
        22,
        40,
        133,
        34,
        2,
        30,
        104,
        180,
        1,
        18,
        119,
        135,
        179,
        70,
        106,
        46,
        57,
        176,
        3,
        48,
        79,
        52,
        81,
        63,
        127,
        143,
        159,
        144,
        0,
        131,
        35,
        43,
        116,
        59,
        181,
        124,
        10,
        184,
        92,
        115,
        14,
        118,
        97,
        41,
        178,
        160,
        53,
        113
    ],
    "min_time": 47.263946771621704,
    "max_time": 47.50796818733215,
    "avg_time": 47.37042487859726,
    "min_number_of_local_search_runs": 180,
    "max_number_of_local_search_runs": 228,
    "avg_number_of_local_search_runs": 210.55
}